name,lon,lat,category
Mutiara Residence,112.6039322,-7.9954757,residential
Puncak Buring Indah,112.6526416,-8.0115104,residential
Prima Ragil Permai I,112.6607177,-7.9813912,residential
Griya Shanta,112.6218779,-7.9389319,residential
Perumahan Sumpil Residence,112.6444943,-7.9320988,residential
Regency One,112.597922,-7.978144,residential
Permata Pulosari,112.647508,-7.9342852,residential
Perumahan Cengger Ayam,112.6305043,-7.9454414,residential
Joyogreen Regency,112.587639,-7.9376953,residential
Joyogreen Regency,112.5865291,-7.9376114,residential
Galaxy Regency,112.6074987,-7.9326594,residential
Graha Pelita Sigura-Gura,112.6068748,-7.9557999,residential
Grand Aleena,112.5733793,-7.9392403,residential
Perum Pesona Ikan Tombro,112.6334988,-7.9220278,residential
Perum Puri Kartika Asri Puskopad,112.63261,-7.9215874,residential
Pondok Blimbing Indah,112.6556529,-7.9364611,residential
Araya,112.6703581,-7.9376272,residential
CitraGarden Malang,112.65648,-8.0091479,residential
D'Rich Garden,112.6701781,-8.0063429,residential
Bukit Indah Permai I,112.6834617,-7.9957451,residential
Bukit Indah Permai,112.6821944,-7.9945152,residential
de Cassablanca Residence,112.6776239,-7.9845227,residential
Oma View Atas,112.6763364,-7.9872251,residential
The Sanata Village,112.6826303,-7.9887248,residential
Oma View,112.6832576,-7.9872917,residential
Riverfront Urban Resort,112.6684374,-7.9834442,residential
Bulan Terang Utama,112.6737803,-7.9866848,residential
Ijen Nirwana Residence,112.6173404,-7.9795919,residential
Sunflower Regency,112.6021686,-7.9823617,residential
Villa Dieng Residence,112.6055815,-7.9765631,residential
Istana Dieng,112.6020246,-7.9779553,residential
Sapta Royal Park,112.6048944,-7.9806753,residential
Bukit Dieng Regency,112.5961674,-7.9752487,residential
Delta Dieng,112.6044637,-7.9694025,residential
Taman Dieng,112.6073229,-7.971302,residential
Alam Dieng Residence,112.607284,-7.9764434,residential
Greenland,112.5949292,-7.9507989,residential
Pondok Cempaka Indah,112.6046519,-7.9919457,residential
DeGreen Cempaka Indah,112.6040176,-7.992212,residential
The Village,112.6008604,-7.9877445,residential
Mulyorejo Residence,112.6013988,-7.9909732,residential
Bandulan Regency,112.6009382,-7.9909381,residential
Perumahan V Brawijaya,112.6059046,-7.9801788,residential
Griyo Muslim,112.6021935,-7.9947531,residential
Perum LPK I,112.6033939,-7.9936643,residential
Safe Garden,112.6035537,-7.9929869,residential
Casa Lavenia,112.6012437,-7.993773,residential
Pondok Indah Mulyorejo Mandiri,112.5985668,-7.9895345,residential
Bandulan Permai,112.6047049,-7.9849867,residential
Royal Regency,112.6014607,-7.9876916,residential
De Rumah,112.6200649,-7.9566282,residential
Griya Sejahtera LPK III,112.5995317,-7.9956887,residential
Taman Graha Mulyorejo,112.6022665,-7.987097,residential
Graha Dewata Estate,112.5767957,-7.934827,residential
Garden Palma Inside,112.6134599,-7.9357641,residential
de Salvia Residence,112.6114334,-7.9896668,residential
Griya Tirta Aji,112.604479,-8.0035031,residential
Bumi Emas Residence,112.60486,-8.004011,residential
Griya Tanjung Priok Jaya,112.6053013,-8.0058727,residential
Terra Regency Kebonsari,112.6099367,-8.0117407,residential
The Green Sukun,112.6089063,-8.0110474,residential
Morse Recency Sukun,112.605544,-7.9942483,residential
Greenleaf Residence,112.6041024,-7.9967086,residential
Greenleaf 2 Residence,112.6043107,-7.9969636,residential
De Family,112.6045642,-7.9972755,residential
Perumahan Sukun Pondok Indah,112.6085807,-7.9979882,residential
Rafflesia Regency,112.607154,-7.9985812,residential
Grand Samawa,112.6060289,-8.0045637,residential
Surya Indah Regency,112.606312,-8.0047032,residential
Puri Nirwana Janti,112.6221846,-8.0055377,residential
Perum PNS Tlogomas,112.5924816,-7.9381671,residential
Hill Park Regency,112.5920504,-7.9754879,residential
Green Living Residence,112.6255175,-8.0207818,residential
Gadang Regency,112.6259335,-8.018489,residential
Dieng Inside,112.6070943,-7.9916549,residential
Griya Intan Regency,112.608276,-7.9919705,residential
Perumahan ASN Bandulan,112.607458,-7.9919354,residential
Perumahan Dinas Politeknik,112.5966928,-7.9419512,residential
Joyo Grand Inside,112.5903639,-7.943669,residential
Joyo Land Town House,112.592307,-7.9428891,residential
Perumahan Uniga,112.5914346,-7.9434518,residential
Joyo Grand,112.5945778,-7.9432951,residential
Dieng Flower,112.603904,-7.9802365,residential
Bukit Dieng Permai,112.6001365,-7.9742819,residential
Green Palm,112.615931,-7.9823154,residential
Citramas Raya,112.5881196,-7.9532787,residential
Northfield,112.6049859,-7.9754423,residential
Viqui Residence,112.6065483,-7.9748397,residential
Griya Pesona Asri,112.6079465,-7.9783184,residential
Metro Residence,112.6087418,-7.9788663,residential
Bandulan Asri,112.6082861,-7.9790087,residential
Permata Intan Agung,112.597139,-7.9831383,residential
Mulya Garden,112.5946168,-7.9835795,residential
Grand Alam Jingga,112.6009439,-7.9434148,residential
Pesona Bougenville,112.6015441,-7.9440159,residential
Dinoyo Royal Park,112.6030067,-7.9393034,residential
Dieng Townhouse,112.6089895,-7.9749505,residential
Griya Mulyorejo,112.6026308,-7.9875671,residential
Perum Taman Mulyorejo,112.6029183,-7.9875039,residential
Graha Merjosari Asri,112.6015721,-7.9473926,residential
Puncak Dieng Eksklusif,112.5972266,-7.9704007,residential
Pine Hill,112.5937684,-7.9547813,residential
Villa Puncak Tidar,112.5902526,-7.9609362,residential
Emerald Garden,112.6340468,-8.0305958,residential
Wonowaru Residence,112.6504975,-8.0333082,residential
Puri Cempaka Putih 3,112.6410651,-8.0273649,residential
Puri Cempaka Putih 2,112.64043,-8.0299117,residential
Puri Cempaka Putih 1,112.6405862,-8.0342556,residential
Puri Taman Agung,112.638879,-8.0364612,residential
Puri Diva Residence,112.6395299,-8.0368316,residential
Haris Land,112.6397804,-8.0368659,residential
Rajasa Residence,112.6375878,-8.0261221,residential
Graha Agung,112.5924721,-7.9458309,residential
Amany Land,112.6408615,-7.9981048,residential
Griya Harmony Residence,112.6400589,-7.9994844,residential
Mutiara Garden,112.6475361,-8.0005227,residential
Buring Indah Regency III,112.646092,-8.0069153,residential
Grand Mumtaz Residence,112.6462224,-8.0061551,residential
Perumahan Dinas LP Wanita Malang,112.6188559,-8.017566,residential
Kebonsari Regency,112.619282,-8.0161641,residential
Tirtasari Residence,112.6171125,-8.0130993,residential
Graha Kartika,112.6026836,-8.0065435,residential
Grand Tanjung Priok,112.6053258,-8.0085043,residential
Griya Tanjung Priok Jaya 2,112.6000329,-8.0036083,residential
Griya Bakalan Asri,112.6033119,-8.0048319,residential
The Aksha Residence,112.5986343,-8.0050898,residential
Mulyorejo Asri,112.6030384,-7.996497,residential
Graha Sukun Permai,112.6048028,-7.9957649,residential
Griya Mulya,112.6049138,-7.9955306,residential
Bale-Bale Cluster,112.6064947,-7.9958289,residential
Mahabharata Residence,112.6047012,-7.9982934,residential
Goodland Residence,112.5947595,-7.9851646,residential
Palmira Graha,112.5808935,-7.9379249,residential
Grand Soeroso,112.5799641,-7.9391549,residential
La Tansa 2,112.5807407,-7.9404992,residential
Villa Puncak Tidar,112.5827495,-7.9445845,residential
Medina Residence 3,112.569853,-7.9382019,residential
Grand Joyo Agung Regency,112.5810127,-7.9371429,residential
New Villa Joyo Agung,112.5814525,-7.9371609,residential
Joyo Agung Regency,112.5818315,-7.9379722,residential
The Panorama Residence,112.5831718,-7.938166,residential
Genting Asri Residence,112.5759225,-7.9367175,residential
Puncak Joyo Agung Residence,112.5749488,-7.9363644,residential
La Tansa Cluster,112.5761409,-7.9396062,residential
Al Fatih Residence,112.5769186,-7.9406519,residential
Alam Sari Pasca UB,112.5858823,-7.9387552,residential
Griya Amarta,112.5894005,-7.9395377,residential
Green Orchid Residence,112.623834,-7.9317053,residential
Taman Indah Soekarno Hatta,112.6174622,-7.9342947,residential
Bumi Tunggulwulung,112.6160412,-7.9296411,residential
Azzahra Residence,112.616099,-7.9267536,residential
Permata Land,112.6165739,-7.9273656,residential
Mutiara Jingga,112.616314,-7.9277223,residential
Borobudur Agung,112.6319927,-7.9348602,residential
Royal Borobudur Residence,112.6321763,-7.9325486,residential
Arumba Utama Residence,112.6125457,-7.9268178,residential
Arumba Permai,112.611635,-7.9269096,residential
Arumba Indah,112.6108674,-7.9264529,residential
The 9 Residence,112.6102318,-7.9260247,residential
Grand Arumba,112.6100304,-7.9253174,residential
Cozy Kos Maahyra,112.6135272,-7.927694,residential
Arumba Hill Residence,112.6132049,-7.9275037,residential
The Arumba Residence,112.6137863,-7.9279261,residential
Griya Mitra Arumba,112.6139123,-7.9283345,residential
Permata Jingga,112.6185027,-7.9310205,residential
Griya Shanta Inside,112.6218694,-7.9364973,residential
Gurami Indah,112.6252546,-7.925121,residential
The City Inside,112.6262485,-7.923611,residential
Tasikmadu Inside,112.6264082,-7.9229498,residential
Puri Kartika Asri,112.6474903,-7.9394251,residential
Royal Janti Residence,112.6213398,-7.9992734,residential
Janti Regency,112.6220735,-8.0000337,residential
Sigura Gura Green Park,112.6015684,-7.9519277,residential
Graha Indah Sentosa,112.6018929,-7.9520691,residential
Prisma Cluster,112.6024234,-7.9521818,residential
Sigura Hill,112.6029239,-7.9524882,residential
de' Cluster Sigura Gura,112.6028755,-7.9509803,residential
Pondok Alam Sigura Gura,112.6050673,-7.9550726,residential
Sigura-Gura Town House,112.6067624,-7.9561107,residential
Mutiara Citramas,112.5901158,-7.9548822,residential
Gasek Tidar Residence,112.595813,-7.9538678,residential
Bukit Cemara Tidar,112.5930568,-7.9528593,residential
Taman Sulfat,112.6494096,-7.9627095,residential
Sulfat Inside,112.6486556,-7.9651446,residential
Bumi Meranti Wangi,112.6521027,-7.9633846,residential
Layur Indah,112.6349424,-7.9335578,residential
Royal Piranha,112.6347667,-7.9332376,residential
Piranha Village,112.6347775,-7.9318343,residential
Graha Mulia,112.6250198,-7.9234297,residential
Taman Tectona Residence,112.6229563,-7.9243035,residential
Mutiara Jingga Residence,112.6182486,-7.9210343,residential
Perumahan Permata Garden,112.6478524,-8.0036903,residential
Bumi Palapa,112.6121454,-7.9305565,residential
Griya Saxophone,112.6111462,-7.9297098,residential
Puri Bunga II,112.6121522,-7.9293524,residential
Saxofone Land,112.6105287,-7.9293969,residential
Permata Saxofone,112.6099243,-7.9290051,residential
de` Saxofone,112.6088204,-7.9313442,residential
New Puri Kartika Asri,112.6349991,-8.0339349,residential
Karya Kartika Graha,112.6344572,-8.0355335,residential
Cassava Regency 2,112.6325787,-8.0387237,residential
KPRI RSSA Regency,112.6338128,-8.0404969,residential
Babatan Indah,112.633396,-8.0403284,residential
Puri Kartika Asri,112.6363703,-8.0395613,residential
Permata Tlogomas,112.6035835,-7.934976,residential
Bukit Hijau,112.6014572,-7.9290905,residential
Permata Hijau,112.600262,-7.9287011,residential
Citra Kepuh Raya,112.6229777,-8.0081997,residential
Pondok Indah Borobudur,112.6391401,-7.9354034,residential
Villa Ikan Paus,112.6396369,-7.9357634,residential
Puri Nirwana Gajayana,112.606647,-7.9472479,residential
Istana Gajayana,112.6077295,-7.9471831,residential
Garden Palma Estate,112.613439,-7.9367226,residential
Perum Taman Anggrek,112.6233286,-7.9543104,residential
DeLavender Town House,112.6247125,-7.9432892,residential
The Green Diamond,112.6296182,-8.0205415,residential
Garaya Permai,112.6284425,-8.0276436,residential
Kebonsari Indah,112.628015,-8.0314898,residential
City Side Residence,112.6244832,-8.0303046,residential
Griya Wilis Indah,112.6182035,-7.9709382,residential
Dirgantara Indah,112.6541522,-7.9850108,residential
Bumi Bakahuni Executive,112.6071273,-8.0059998,residential
Cluster Bumiemas,112.6079909,-8.0071512,residential
Grand Mashyur City,112.6110046,-8.0060986,residential
Cahaya Cempaka Residence,112.6291978,-7.9335398,residential
D`Wiga Regency,112.6281886,-7.9306921,residential
ABM Permai,112.6268917,-7.9324158,residential
Cluster Green Garden Saxophone,112.6046601,-7.925687,residential
Grand Mahabharata Saxophone,112.6040196,-7.9254765,residential
Permata Kencana Saxofon,112.6043765,-7.9244064,residential
River Village Saxophone,112.6053902,-7.9270348,residential
Griya Tunggul Sari,112.6069151,-7.9288265,residential
Kampung Warna Warni Jodipan,112.6378028,-7.9833453,residential
Kampung Tridi,112.6378603,-7.9822567,residential
Kampung Biru Arema,112.6370735,-7.981529,residential
Sulfat Blossom,112.6562296,-7.9541658,residential
Pandanwangi Utama Residence,112.6591735,-7.9552104,residential
Amarii Regency,112.658407,-7.9560842,residential
Harmony Regency,112.6624248,-7.9547507,residential
Pandanwangi Inside,112.6626344,-7.9560966,residential
Kanigraha,112.6576362,-7.9520959,residential
Pandanwangi Park,112.6597328,-7.9543866,residential
Pandanwangi Green Park,112.6594419,-7.9547619,residential
Sulfat Garden,112.6593204,-7.9538065,residential
Pandanwangi Royal Park,112.6581725,-7.9584988,residential
Pandanwangi Royal Park - Exotic Cluster,112.6568681,-7.9590611,residential
Golden Valley,112.6602968,-7.9598769,residential
Pantai Gading,112.6490797,-8.0094323,residential
Citra Nirwana Residence,112.64805,-8.0103927,residential
Buring Indah Regency 6,112.6616092,-8.0142893,residential
Gor Ragil Regency,112.6453643,-8.0128078,residential
Pondok Puspa Indah,112.6023848,-7.9884584,residential
Citra Arjosari Residence,112.6573041,-7.9319969,residential
Wisma Perawat Bhakti Luhur,112.6253171,-7.9508929,residential
Pondok Indah Bumi Ayu,112.6383044,-8.002023,residential
Bumi Royal Park,112.6390768,-8.0081761,residential
Bayam Merah,112.6384373,-8.0081277,residential
Graha Mayjend Sungkono,112.6419128,-8.0012677,residential
Grand Amerlia,112.6404291,-8.0058491,residential
Permata Royal Manisa,112.6403586,-8.0120438,residential
Ken Arok Residence,112.6428892,-8.0086217,residential
Griya Manisa Satelit,112.6412723,-8.0123667,residential
The Palm Residence,112.6419214,-8.0184391,residential
Taman Janti,112.6255951,-8.0083504,residential
De Adisucipto Residence,112.6633901,-7.9493131,residential
Grand Pesona Pandanwangi,112.6625859,-7.9533567,residential
Puri Nirwana Pandanwangi,112.6625971,-7.9528614,residential
De Cluster Nirwana Pandanwangi,112.661618,-7.9521029,residential
Graha Kencana,112.657974,-7.92232,residential
The Balearjosari Residence,112.6549386,-7.9239951,residential
Puri Indah Balearjosari,112.6553045,-7.9242826,residential
Polowijen Garden,112.6443919,-7.9278993,residential
Balearjosari Permai,112.6401734,-7.9208303,residential
Griya Damai Sejahtera,112.6411309,-7.921785,residential
Royal Chrysant - Riverside,112.6429372,-7.9220064,residential
Royal Regency - Riverside,112.6471305,-7.9238273,residential
Riverside,112.6445925,-7.9233603,residential
The Irish Garden,112.6471355,-7.9178011,residential
Serenia Garden Regency,112.6434958,-7.915853,residential
Karanglo Indah,112.6448415,-7.916886,residential
Myrra Residence,112.6105269,-7.9360953,residential
Plamet Regency,112.6080639,-7.9340839,residential
Bumi Sulfat Residence,112.6515086,-7.9658548,residential
Mutiara Sulfat,112.6519909,-7.969321,residential
Griya Warinoi,112.651079,-7.9690821,residential
Sulfat Green Land,112.654693,-7.9644679,residential
Sulfat Rivera Residence,112.6549132,-7.9660076,residential
Sulfat de Castello,112.6538898,-7.9636553,residential
Sun Sulfat,112.6542137,-7.9585816,residential
Pondok Harapan Indah,112.6069136,-7.9600591,residential
Bajang Ratu Inside,112.6390342,-7.9441599,residential
The Lely Townhouse 1,112.6293242,-7.9551043,residential
Jasmine Town House,112.6295902,-7.9439011,residential
Citra Cengger Ayam,112.6311415,-7.9451877,residential
Bukirsari Inside,112.6309148,-7.9443027,residential
Citra Kedawung Regency,112.6330037,-7.951783,residential
Perumahan Andalan Barcelona,112.6041012,-7.9471926,residential
Sativa,112.6466099,-8.0216288,residential
Citra Gading,112.64701,-8.0196111,residential
Sunrise Garden,112.6463135,-8.0171925,residential
Manissa Royal Residence 2,112.6412498,-8.0129373,residential
Grand Hannan,112.6427231,-8.0126766,residential
Rusunawa Buring 2,112.6449642,-8.0104572,residential
Rusunawa Buring 1,112.6453478,-7.996404,residential
Tiara Garden,112.6493081,-7.9970819,residential
Salahutu Indah 1,112.6056788,-7.9671849,residential
Griya Warna 1,112.6153419,-8.0046746,residential
Grand Arsy,112.6093728,-8.0001515,residential
de` Cluster City,112.6093,-8.0006236,residential
Puri Bunga Estate,112.6117305,-7.9337148,residential
Permata Brantas Indah,112.6116906,-7.9327996,residential
Griya Bathari,112.5980588,-7.9539986,residential
Eka Cakra Regency,112.5983268,-7.9540835,residential
Gasek Inside,112.5994145,-7.9528335,residential
Tidar View,112.5989536,-7.954518,residential
Joyo Agung White House,112.5797417,-7.9370021,residential
Sigura-Gura Cozy Kos,112.6048382,-7.9564385,residential
Golden House Sigura-Gura,112.6073255,-7.9573285,residential
Cozy Kos Brawijaya,112.6073407,-7.9570785,residential
Town House Taman Sigura-Gura Indah,112.6074502,-7.9567384,residential
Bajang Ratu Indah,112.6378207,-7.9434148,residential
Arjowinangun Green Park,112.6432751,-8.0445294,residential
Griya Wijaya Kusuma,112.644174,-8.0443347,residential
De Royal Nirwana,112.5889059,-7.9850183,residential
Graha Mustika,112.5898112,-7.9848109,residential
Pelita Kebonsari,112.6174836,-8.0200732,residential
Lembah Dieng,112.5995899,-7.9687243,residential
Alun-Alun Bundar Malang,112.6340383,-7.9771497,park
Taman Krida Budaya Jawa Timur,112.6225691,-7.9427219,park
Taman Slamet,112.6222467,-7.9741782,park
Hutan Kota Malabar,112.626775,-7.9686726,park
Alun-Alun Merdeka,112.6308072,-7.9826161,park
Lapangan Rampal,112.6401699,-7.9735714,park
Panggung Terbuka Rampal,112.6403217,-7.9723156,park
Polinema Mall,112.6167406,-7.9472309,park
Taman Trunojoyo,112.6365355,-7.9766938,park
Hutan MIPA,112.6116953,-7.9520816,park
Taman Merjosari,112.603118,-7.9451443,park
Taman Panglima Sudirman,112.6384798,-7.9671962,park
Taman Tjerme,112.6252202,-7.9704349,park
Atamimi Huis,112.5947953,-7.9557851,park
Taman Wisata Rolak Indah,112.6543117,-7.9898984,park
Taman Gotong Royong,112.6472991,-7.947971,park
Merbabu Family Park,112.6258686,-7.9673693,park
Taman UM,112.6163143,-7.9627882,park
Taman Simpang Balapan,112.6251041,-7.9656642,park
Taman Literasi Tidar,112.6015317,-7.9626558,park
Plaza Merjosari,112.6034643,-7.9436058,park
Smoking Area Saxofone Land,112.6098997,-7.9302462,park
Taman & Pedestrian Dieng,112.6139823,-7.9733296,park
Taman & Pedestrian Dieng,112.6151742,-7.9733838,park
Taman Gayam,112.6160431,-7.974987,park
Taman Bermain Taman Agung,112.6092772,-7.9707657,park
Taman Bunga Merjosari,112.604244,-7.9456484,park
Alun-alun UM,112.6192538,-7.9633587,park
Taman Rekreasi Kota (Tarekot) Malang,112.6334226,-7.9791063,park
Taman Raya Langsep,112.6124134,-7.9762323,park
Taman Wisata Lembah Dieng,112.5967791,-7.9649104,park
Atamimi Palace,112.5934886,-7.9556655,park
Taman Janssen,112.6119792,-7.9721727,park
taman medeka ETIGA,112.5829897,-7.9475954,park
Taman depan E2,112.5817819,-7.946245,park
Taman E2,112.5829362,-7.9460602,park
Taman Blok B Villa Bukit Tidar,112.584492,-7.9435352,park
Taman Boulevard,112.5853785,-7.9438449,park
Taman Blok B1 Villa Bukit Tidar,112.5830376,-7.9429722,park
Fasum Astera,112.5820267,-7.9488835,park
Taman Edukasi Gerabah Green Park,112.6170727,-7.9551048,park
Taman Amprong,112.6419645,-7.9638407,park
Taman Halmahera,112.6281858,-7.9923419,park
Sungai Andalas Tengah,112.6259269,-7.9931783,park
Taman depan etiga,112.5820052,-7.9471636,park
Children Playgroud Cluster Spring Dale,112.6591273,-8.0099294,park
Taman Kota Hijau,112.6172454,-7.9286094,park
Taman Kebun Bibit Mojolangu,112.628264,-7.9331257,park
Taman Teluk Grajakan - Pandanwangi,112.6540007,-7.9427689,park
Greenplace for Srikandi,112.6484091,-7.9676707,park
Taman Sulfat,112.6499262,-7.9618847,park
Taman Cisadea,112.6430654,-7.9553784,park
Taman Pandanwangi,112.6640606,-7.9500325,park
Taman Kendedes,112.6508548,-7.9260826,park
Taman Edukasi Kelurahan Blimbing,112.640237,-7.9435774,park
Taman Sulfat,112.6500757,-7.9604015,park
Taman Lalu Lintas Merjosari,112.6026538,-7.9453561,park
Taman Dempo,112.6209832,-7.9693467,park
Pasar Bunulrejo,112.6460815,-7.9725023,marketplace
Pasar Madyopuro,112.6712421,-7.9741363,marketplace
Pasar Baru Barat Comboran,112.630775,-7.9912904,marketplace
Pasar Tawangmangu,112.6312123,-7.9598574,marketplace
Pasar Oro Oro Dowo,112.6282524,-7.9687926,marketplace
Pasar Tunggulwulung,112.6130785,-7.9330897,marketplace
Pasar Tlogowaru,112.6617681,-8.0390735,marketplace
Pasar Tlogowaru,112.6618083,-8.0389653,marketplace
Pasar Tlogowaru,112.6617673,-8.0390649,marketplace
Pasar Tlogowaru,112.6617218,-8.0391769,marketplace
Pasar Kebalen,112.6369208,-7.9880945,marketplace
Pasar Kasin,112.6215053,-7.9836582,marketplace
Pasar Sukun,112.6197863,-7.997041,marketplace
Pasar Tradisional Sawojajar,112.6610254,-7.9746043,marketplace
Pasar Tradisional Guyup Rukun Karangbesuki,112.6055118,-7.9617469,marketplace
PASAR PAGI,112.6543661,-7.9302456,marketplace
Pasar Klojen,112.6368647,-7.9728278,marketplace
Pasar Mergan,112.614778,-7.9829821,marketplace
Pasar Rakyat Bareng,112.620504,-7.9772018,marketplace
Pasar Besar Malang,112.6330625,-7.9871816,marketplace
Pasar Krempyeng,112.6098013,-7.9839272,marketplace
Pasar Blimbing,112.6395088,-7.9399862,marketplace
UM Mart,112.6180021,-7.9612533,marketplace
Pasar Terpadu Dinoyo,112.6075611,-7.9382595,marketplace
Pasar Baru Timur Comboran Malang,112.6319393,-7.9915168,marketplace
Pasar Kotalama,112.6356712,-8.000288,marketplace
Pasa Kedungkandang,112.646579,-7.9940725,marketplace
Pasar Burung Malang,112.6309649,-7.9783597,marketplace
Dapoer Qoe,112.6631039,-7.9761417,marketplace
Pasar Minggu Velodrome Sawojajar,112.6692667,-7.9739545,marketplace
Pasar Krempyeng,112.6287143,-7.9779957,marketplace
Madrasah Aliyah Negeri 2 Malang,112.6218246,-7.9611619,school
SMK Negeri 9 Malang,112.687009,-7.9824496,school
TK Muslimat NU,112.6449552,-7.9341599,school
SMK Negeri 12 Malang,112.6589032,-7.9251274,school
Taman Siswa Malang,112.6411351,-7.9615654,school
Yayasan Pendidikan Anak Cacat Malang,112.6404329,-7.9627765,school
SD Negeri Wonokoyo 1,112.648007,-8.0222465,school
SMP Negeri 21 Malang,112.6647923,-7.9738394,school
SMP Negeri 2 Malang,112.6312393,-7.9901133,school
SMP Negeri 9 Kota Malang,112.63059,-7.989576,school
SMA Negeri 5 Malang,112.6264168,-7.9890014,school
SMK Negeri 4 Malang,112.627524,-7.9892546,school
SMP Negeri 19 Malang,112.6250837,-7.9939187,school
Yayasan Santa Perawan Maria,112.6289886,-7.9894429,school
SMA Negeri 2 Malang,112.6334683,-7.9913973,school
MIN 1 Malang,112.6226325,-7.9615608,school
SMP KARTIKA IV-9,112.6424446,-7.9783316,school
National Leader School,112.6026901,-7.9702011,school
SMP Negeri 20 Malang,112.6408147,-7.9637107,school
Yayasan Pengenbangan Ilmu dan Karya Malang,112.6310302,-7.9457502,school
SMK Negeri 6 Malang,112.6716674,-7.9748725,school
SD Negeri Madyopuro 5,112.6704947,-7.9772674,school
Pondok Pesantren Ainul Yaqin,112.6062931,-7.93588,school
SD Insan Amanah,112.6202544,-7.9405006,school
SDIT Ahmad Yani,112.6311472,-7.9763473,school
SLTP - SMA - SMK Shalahuddin Malang,112.6324856,-7.9700219,school
SMPN 24 Malang,112.6614906,-7.9541008,school
SD Negeri Balearjosari 2,112.6579755,-7.9267272,school
SMP Negeri 1 Malang,112.6237904,-7.9711586,school
SMK Negeri 2 Malang,112.614803,-7.9567019,school
SMA Negeri 8 Malang,112.6164894,-7.9571994,school
Charis National Academy,112.5999499,-7.9636308,school
Worldbridge Language Center,112.5990566,-7.9587328,school
SD Negeri Karangbesuki 2,112.5997972,-7.9575812,school
SMK PGRI 3 Malang,112.6018603,-7.9273185,school
SD Negeri Bakalankrajan 2,112.6114622,-8.0075698,school
SMA PGRI 6,112.6252994,-8.0073619,school
SMA Nasional Malang,112.6210373,-8.0058898,school
SMP Negeri 12 Malang,112.6212316,-8.0064503,school
Brawijaya Smart School,112.6329553,-7.9906631,school
Yayasan YBPK Petra Malang,112.6323584,-7.9907078,school
Sekolah Kristen Kalam Kudus Malang,112.6323489,-7.990185,school
SMK Negeri 1 Malang,112.6263723,-8.0036118,school
SD Negeri Kotalama 1,112.6367746,-7.9908025,school
SD Negeri Lesanpuro 4,112.6621934,-7.9786056,school
Perguruan Muhammadiyah Oro-Oro Dowo,112.6283145,-7.9648842,school
SD Katolik Santa Maria III,112.6118547,-7.9787721,school
Madrasah Ibtidaiyah Hidayatul Mubtadi'in,112.6347909,-8.0198955,school
Madrasah Ibtidaiyah Hidayatul Mubtadi'in,112.6346518,-8.019845,school
Madrasah Ibtidaiyah Hidayatul Mubtadi'in,112.6347673,-8.0197141,school
Madrasah Ibtidaiyah Hidayatul Mubtadi'in,112.6346014,-8.0196811,school
SMP Kartika IV-8 Malang,112.6440286,-7.9374582,school
SMA Panjura,112.6259821,-7.9807197,school
SMA Bhakti Luhur,112.6113141,-7.9724054,school
SMP Negeri 8 Malang,112.6271157,-7.9771884,school
SMA Laboratorium Universitas Negeri Malang,112.6265662,-7.977274,school
SMK Farmasi Maharani Malang,112.6138552,-7.9290585,school
SDN TUNGGULWULUNG 1,112.6136432,-7.9331084,school
SMPS PJ GLOBAL SCHOOL,112.6152142,-7.9317523,school
Yayasan Pembina Pendidikan Indonesia Widyagama,112.6376828,-7.9395227,school
SD Plus Al Kautsar Malang,112.6569932,-7.950323,school
STMIK PPKIA Pradnya Paramita,112.6527376,-7.945755,school
SDI Surya Buana Malang,112.6072062,-7.9445597,school
MTS Surya Buana Malang,112.6081677,-7.94456,school
SMP Muhammadiyah 2 Inovasi Malang,112.6384647,-7.9562706,school
MTS Muhammadiyah 1 Malang,112.6043733,-7.9294611,school
SDN TUNGGULWULUNG 2,112.6069504,-7.9256972,school
Madrasah Tsanawiyah Miftahul Ulum Wonokoyo,112.6463321,-8.0143343,school
Pondok Pesantren Bahr Magfiroh,112.594032,-7.938857,school
Pondok Pesantren Bahr Magfiroh,112.5938302,-7.9386975,school
Sekolah Dasar Negeri Kedungkandang 1B,112.6508858,-7.9892916,school
"SDLB N. Kedungkandang 4 (SMP, SMA)",112.650237,-7.9886212,school
Sekolah Dasar Negeri Kedungkandang 1A,112.6504413,-7.9900562,school
SMAN Taruna Jawa Timur,112.656386,-8.0387643,school
Sekolah Menengah Pertama Islam Nurul Muttaqin Al-Barokah,112.6625681,-8.037055,school
MI Hidayatus Sibyan,112.6523648,-8.028653,school
SD Negeri Bumiayu 2,112.6364027,-8.0060067,school
SD Negeri Bumiayu 4,112.6323076,-8.029855,school
Madrasah Ibtidaiyah Hidayatul Mubtadi'in,112.6347002,-8.0197621,school
Sekolah Dasar Negeri Bumiayu I,112.6355612,-8.0129209,school
Pondok Pesantren Darul Ulum Agung,112.6416806,-8.0239161,school
SD Negeri Bumiayu 3,112.6394288,-8.0021932,school
Madrasah Aliyah Hamid Rusyd,112.6438596,-8.0035786,school
Madrasah Ibtidaiyah Diponegoro,112.6438742,-8.0037678,school
Madrasah Tsanawiyah Hamid Rusydi,112.6435576,-8.0042383,school
SD Negeri Buring,112.6443661,-8.0056722,school
Sekolah Menengah Pertama Islam Tarbiyatul Huda,112.634772,-7.9950046,school
SD Negeri Mergosono 1,112.6317005,-8.0009857,school
SD Negeri Mergosono 3,112.633854,-8.0016659,school
SD Negeri Mergosono 4,112.6322445,-8.0040728,school
Madrasah Tsanawiyah Darus Sholichin,112.6354523,-7.9935678,school
SMP NU Hasyim Asyari,112.6353029,-7.9933961,school
SD Negeri Kotalama 5,112.6406778,-7.9963489,school
SD Negeri Kotalama 6,112.6417613,-7.9933125,school
SD Negeri Kotalama 3,112.6440167,-7.9931495,school
SD Negeri Kotalama 2,112.6438902,-7.9936484,school
Yayasan Sabilun Najah,112.6359081,-8.0130059,school
SMK El Hayat,112.6502593,-7.9948279,school
Ponpes Al Hayatul Islamiah (PAUD - MA),112.6509753,-7.9952446,school
MI Nurul Huda 1,112.6483187,-7.9911024,school
"Ponpes Al Munawaroh (TK, MI, MTs)",112.6481577,-7.9905973,school
SMP Islam Al Amin,112.6477074,-7.9909532,school
SD Negeri Kedungkandang 2,112.6475546,-7.9912365,school
MI Sunan Kalijaga,112.6129015,-7.9841229,school
Yayasan Asri,112.6147295,-7.9863254,school
SD Negeri Tanjungrejo 2,112.6155459,-7.9861558,school
SD Negeri Tanjungrejo 5,112.6141899,-7.9846578,school
SD Negeri Tanjungrejo 4,112.6128595,-7.9928382,school
Yayasan Dharma Ibu,112.6173952,-7.9958975,school
SMP Kristen Elim,112.622116,-7.9908504,school
SD Negeri Sukun 1,112.6206654,-7.9943785,school
SD Negeri Sukun 2,112.6169774,-7.9917112,school
SD Negeri Sukun 3,112.6203293,-7.9912237,school
SD Negeri Tanjungrejo 1,112.614393,-7.9856922,school
Logos Study Club Malang,112.6131785,-7.9843733,school
MI Sunan Gunung Jati,112.6223091,-7.9962216,school
SD Negeri Merjosari 3,112.5977374,-7.9415278,school
SMP Al Hidayah Malang,112.6196896,-8.0191727,school
SD Negeri Penanggungan,112.6178465,-7.9546272,school
SD Islamic Global School,112.6184136,-8.001947,school
SMK Islam Ma`arif,112.6189954,-8.0029897,school
MTs Sunan Kalijaga,112.6067652,-7.9620214,school
Sekolah Kristen Aletheia Malang,112.6377285,-7.9842761,school
SD Negeri Bandungrejosari 1,112.6187132,-8.0080895,school
SMP PGRI 3,112.6181379,-8.0083118,school
SD Negeri Arjosari 3,112.6624493,-7.9305398,school
SDS PJ GLOBAL SCHOOL,112.620818,-7.9279615,school
SMK Negeri 11 Malang,112.6094505,-8.006929,school
SD Negeri Pandanwangi 4,112.6571563,-7.9563385,school
SMP Negeri 14 Malang,112.662475,-7.943524,school
Yayasan Insan Permata Malang,112.6185867,-7.9243254,school
SD Negeri Tunggulwulung 3,112.6143246,-7.9288093,school
SMP Plus Al Kautsar Malang,112.6614197,-7.9373607,school
Yayasan Pendidikan Ahlus Sa`adah Al Islamy,112.6347124,-7.9724221,school
SD Negeri Pandanwangi 2,112.6556642,-7.9616398,school
Pesantren Mahasiswa Firdaus,112.6028556,-7.945889,school
SD Negeri Tulusrejo 2,112.6265189,-7.9449679,school
SD Negeri Purwantoro 1,112.6387918,-7.9510514,school
SD Negeri Gadang 1,112.6299404,-8.0096826,school
SMP Negeri 5 Malang,112.6386067,-7.9657543,school
SMA Negeri 7 Malang,112.6284582,-7.9453007,school
SMP Negeri 4 Malang,112.6163784,-7.9580384,school
SD Laboratorium UM,112.6208472,-7.9605246,school
SMP Laboratorium UM,112.6200945,-7.9599952,school
Yayasan Santo Yusup Sutomo,112.6361008,-7.9715308,school
Yayasan Kolese Santo Yusup,112.6389303,-7.9386261,school
SD Katolik Marga Bhakti,112.6133847,-7.9950252,school
SD Negeri Bandulan 2,112.6023835,-7.9828401,school
SD Negeri Bareng 3,112.6188829,-7.9759941,school
Kongregasi Santa Perawan Maria,112.6192575,-7.9737655,school
Yayasan Pendidikan Taman Harapan Malang,112.6325578,-7.981705,school
SMP Negeri 15 Malang,112.6042528,-7.9760377,school
SMA PJ Global School,112.6038046,-7.9765379,school
SD Negeri Pisangcandi 2,112.6038927,-7.974052,school
SMP Negeri 30 Malang,112.5997063,-7.9914617,school
SD Negeri Kiduldalem 2,112.6349688,-7.9798408,school
SD Negeri Kesatrian 05,112.6398553,-7.9813026,school
SD Negeri Percobaan 2,112.6127458,-7.972402,school
SD Negeri Bandulan 3,112.6045234,-7.9842234,school
SMK Nasional Malang,112.6146451,-7.9801883,school
SMA Katolik Santa Maria,112.6143976,-7.9796957,school
SMA Katolik Santo Albertus,112.6193533,-7.9684527,school
SD Negeri Pisangcandi 1,112.6120183,-7.9765308,school
SMK Bina Cendikia YPK,112.6260126,-7.9747651,school
Sekolah Kristen Kalam Kudus,112.6245434,-7.9848048,school
Wesley International School,112.6008686,-7.9592831,school
SD Negeri Karangbesuki 4,112.6075177,-7.9650181,school
Yayasan Karya Sang Timur,112.6253142,-7.9614454,school
SD Negeri Mulyorejo 2,112.6038061,-7.991011,school
SD Negeri Bandulan 5,112.6075758,-7.991121,school
SD Negeri Bandulan 4,112.6076695,-7.9809724,school
SD Negeri Mulyorejo 1,112.5947631,-7.9880793,school
SD Negeri Ciptamulyo 1,112.630729,-7.992669,school
MI Miftahul Huda,112.6052529,-7.9830183,school
SD Negeri Mulyorejo 3,112.6003896,-7.9867796,school
SD Negeri Bunulrejo 2,112.6422545,-7.9646797,school
SD Negeri Purwantoro 7,112.645148,-7.9596217,school
SD Negeri Blimbing 3,112.6405395,-7.9434726,school
SD Negeri Purwantoro 8,112.6477411,-7.9543036,school
SD Kristen YBPK,112.6211929,-7.986869,school
Yayasan Pendidikan Kemuliaan Allah,112.6221103,-7.990886,school
SD Negeri Tanjungrejo 3,112.6125464,-7.986648,school
SMP Negeri 17 Malang,112.6035777,-8.0063463,school
SD Negeri Bandungrejosari 4,112.6109843,-7.9987219,school
MI Negeri 2 Malang,112.6130768,-8.0005451,school
Sekolah Gracia Nusantara,112.6254071,-7.9540058,school
SD Negeri Merjosari 2,112.6033493,-7.943832,school
SD Negeri Merjosari 1,112.6035097,-7.9432161,school
Perguruan Advent Malang,112.6034396,-7.970815,school
SD Negeri Blimbing 5,112.640621,-7.93945,school
SD Bahrul Maghfiroh,112.5937293,-7.9397313,school
Pondok Pesantren Bahrul Maghfiroh,112.5939132,-7.9384526,school
SD Negeri Bareng 2,112.62181,-7.980001,school
SMK Negeri 13 Malang,112.5785469,-7.9424047,school
SD Negeri 5 Merjosari,112.5926386,-7.943019,school
SD Negeri Bareng 4,112.6170439,-7.9769403,school
Yayasan Mambaul Huda,112.6105216,-7.9834291,school
SD Negeri Gadingkasri,112.6127781,-7.969663,school
MTS Nurul Huda,112.6129576,-7.9573596,school
SD Negeri Sumbersari 2,112.615153,-7.9576971,school
Sekolah Kristen Kalam Kudus,112.6047977,-7.9639887,school
SMA Islam Nusantara,112.6083699,-7.9368295,school
Yayasan Wahid Hasyim,112.6082449,-7.938623,school
SMA Katolik Frateran,112.6293182,-7.9703679,school
Yayasan Mardi Wiayata,112.6306903,-7.971297,school
SD Negeri Pisangcandi 4,112.6088162,-7.9677853,school
SMK Negeri 3 Malang,112.6188509,-7.9669163,school
Yayasan Mardi Wiyata,112.6279607,-7.9754819,school
Yayasan Pendidikan Kristen Jawa Timur,112.6260547,-7.9747551,school
Sekolah Murid Merdeka,112.6118977,-7.9770221,school
MTS Negeri 1 Malang,112.6220968,-7.9615011,school
SMP Negeri 6 Malang,112.6247438,-7.9794936,school
SMP Kristen 1 YPK,112.6244682,-7.9800495,school
SD Negeri Kauman 2,112.6249471,-7.9782881,school
SD Negeri Polehan 2,112.6480708,-7.9875537,school
SD Negeri Polehan 5,112.6465999,-7.9898125,school
SMA Negeri 10 Malang,112.6605503,-7.9743428,school
SD Islam Al Azhar 56,112.6408195,-8.0204721,school
Ponpes Darul Hikmah Al-Hasani,112.5989126,-7.9496019,school
SD Negeri Kebonsari 2,112.6191606,-8.0189801,school
SMA Negeri 4 Malang,112.6345479,-7.9762715,school
SMA Negeri 1 Malang,112.6350704,-7.97681,school
SMA Shalahuddin,112.63246,-7.9699692,school
SD Negeri Merjosari 4,112.5724757,-7.937583,school
Sekolah Alam Insan Baksya,112.5862786,-7.9378696,school
Yayasan Pendidikan Kristen,112.6305284,-7.9782183,school
SD Negeri Kauman 1,112.6293509,-7.9835231,school
Sekolah Bina Budi Mulia,112.6296434,-7.9845041,school
SD Negeri Kauman 3,112.6284648,-7.9836371,school
Yayasan Al-Irsyad Al-Islamiyyah,112.6259109,-7.98477,school
SD Negeri Kasin,112.6257174,-7.9852659,school
SMA Negeri 9 Malang,112.6253885,-7.9359563,school
SD Anak Saleh,112.6113381,-7.9265749,school
SD Negeri Mojolangu 5,112.624105,-7.9338244,school
SD Negeri Mojolangu 2,112.6199627,-7.9368229,school
Aji Santoso International Football Academy,112.6194278,-7.9350524,school
Yayasan Persekolahan Bina Wirawan,112.6393604,-7.9416367,school
SMK Muhammadiyah 1 Malang,112.6139478,-7.9690357,school
SD Negeri 4 Purwodadi,112.6429171,-7.9344692,school
SMP Islam Ma'arif 2 Malang,112.6198193,-7.9995037,school
SMA Islam Surya Buana,112.6023489,-7.9528365,school
SD Negeri Pandanwangi 3,112.6596349,-7.9446263,school
SMP Negeri 11 Malang,112.6374006,-7.9327149,school
SD Negeri Tunjungsekar 1,112.6378984,-7.9321595,school
LPI Sabillilah Malang - Kampus 2,112.6303954,-7.9293733,school
SMP Negeri 26 Malang,112.6194306,-7.9242356,school
Pondok Pesantren Darul Hadits Al-Faqihiyyah,112.6330975,-7.9816509,school
SD Negeri Tlogomas 2,112.6052684,-7.935161,school
SD Negeri Dinoyo 1,112.6058476,-7.936279,school
SMK National Media Center,112.6134708,-7.9347771,school
SD Negeri Sumbersari 1,112.6110914,-7.9570135,school
SD Negeri Dinoyo 2,112.610968,-7.9429773,school
SMP Negeri 16 Malang,112.6621091,-7.934477,school
Pondok Pesantren Daruttauhid,112.6080206,-7.9495857,school
SMP Negeri 13 Malang,112.6076354,-7.9487654,school
SD Negeri Ketawanggede,112.6105578,-7.9503319,school
SMP Negeri 18 Malang,112.6195308,-7.9395922,school
SD Negeri Purwantoro 4,112.6481644,-7.9525105,school
SMK Negeri 10 Malang,112.6466003,-8.0345842,school
SMP Negeri 23 Malang,112.6472603,-8.034827,school
Pusat Layanan Autis,112.6476897,-8.0349574,school
SD Negeri Sukoharjo 1,112.6334183,-7.9899436,school
SD Negeri Sukoharjo 2,112.6328826,-7.989891,school
SD Negeri Kebonsari 3,112.6276575,-8.0297379,school
Madrasah Aliyah Negeri 1 Malang,112.6042716,-7.9328391,school
SD Negeri Lesanpuro 1,112.6571382,-7.9851006,school
SD Negeri Sawojajar 3,112.6533632,-7.9820058,school
MI Manarul Islam,112.6598985,-7.973991,school
SD Negeri Sawojajar 5,112.658568,-7.9764474,school
SMK Telkom Malang,112.658885,-7.9770511,school
TPQ Miftahul Jannah,112.6585266,-7.9779821,school
SD Negeri Purwodadi 3,112.6491597,-7.9383651,school
SD Negeri Tunggulwulung 2,112.6061234,-7.9258711,school
SMP Negeri 24 Malang,112.6608502,-7.953663,school
SD Negeri Karangbesuki 1,112.6090654,-7.9628715,school
SD Negeri Lowokwaru 2,112.6325082,-7.9621462,school
Yayasan Putera Indonesia Malang,112.6399268,-7.9602542,school
SD Negeri Polehan 4,112.6434192,-7.9852829,school
SMP Negeri 10 Malang,112.6441268,-8.0107492,school
SMA Negeri 6 Malang,112.6430447,-8.0099746,school
SD Negeri Polehan 01,112.644862,-7.9879402,school
SD Negeri Oro-Oro Dowo,112.6296173,-7.9681325,school
SMP Negeri 3 Malang,112.6357978,-7.9693388,school
SD Negeri Klojen,112.6328854,-7.9709096,school
SMA Islam Malang,112.6342444,-7.9695734,school
SMP Aisyiyah Muhammadiyah 3,112.6348442,-7.9722837,school
Taman Pendidikan Shalahuddin Malang,112.6328498,-7.9701987,school
SD Negeri Jatimulyo 3,112.6223265,-7.9529939,school
SD Negeri Lowokwaru 5,112.6256003,-7.9569024,school
SD Islam Mohammad Hatta,112.6279087,-7.9524331,school
SD Negeri Lowokwaru 4,112.6321181,-7.9524067,school
SD Negeri Kotalama 4,112.6402346,-7.9917606,school
SMP Negeri 7 Malang,112.6366469,-8.0038053,school
SMK Prajnaparamita,112.6396524,-7.9642383,school
Muhammadiyah,112.6391219,-7.9653509,school
SD Negeri Bunulrejo 5,112.6448802,-7.9686892,school
SMK Pekerjaan Umum Malang,112.6549964,-7.9596896,school
SD Negeri Bandungrejosari 3,112.6258891,-8.0068197,school
Sekolah Kristen Calvin Malang,112.6257306,-7.9717238,school
SMK Negeri 7 Malang,112.6220174,-8.026158,school
MTs Negeri 2 Malang,112.6872405,-7.9827023,school
SD Negeri 2 Cemorokandang,112.6856284,-7.9807441,school
SD Negeri Kiduldalem 1,112.6319517,-7.9794968,school
SD Negeri Polowijen 1,112.6485725,-7.9288767,school
SD Negeri Polowijen  2,112.6427998,-7.9293484,school
SMK Negeri 8 Malang,112.6620727,-7.9362126,school
SD Negeri Arjosari 2,112.6585896,-7.9307248,school
Yayasan Ardjuna Bina Taruna,112.6575789,-7.9305797,school
SD Negeri Arjosari 1,112.6512345,-7.9266675,school
SD Negeri Ciptomulyo 2,112.6302021,-8.0016168,school
SMP PGRI 6 Malang,112.6298496,-8.0016282,school
TK-SD Negeri Satu Atap Tlogowaru 1,112.6507218,-8.039502,school
SD Negeri Mergosono 2,112.6355659,-8.0007711,school
SD Negeri Mergosono 5,112.6374421,-7.9944462,school
SD Negeri Pisangcandi 3,112.6056268,-7.9685954,school
SD Negeri Dinoyo 3,112.610142,-7.94014,school
SD Negeri Dinoyo 4,112.610033,-7.9408764,school
Sekolah Alam Avesiena,112.660361,-7.9731544,school
SD Negeri Madyopuro 3,112.6665573,-7.9793577,school
SD Negeri Bunulrejo 6,112.6523795,-7.9678844,school
SD Negeri Madyopuro 1,112.6730821,-7.9730414,school
SD Negeri Madyopuro 4,112.674176,-7.9747761,school
SD Negeri Madyopuro 2,112.6693827,-7.9722323,school
SMP Negeri 27 Malang,112.664758,-7.9911118,school
SD Negeri Lesanpuro 2,112.664897,-7.9913763,school
SD Negeri Tulusrejo 3,112.6353434,-7.9469419,school
SD Negeri Tulusrejo 4,112.634711,-7.9512006,school
SD Negeri Purwantoro 3,112.6478872,-7.9571527,school
SD Negeri Bunulrejo 3,112.6473951,-7.9638088,school
SD Negeri 2 Bandungrejosari,112.6140175,-8.0012654,school
SD Negeri Lowokwaru 1,112.6359912,-7.9573551,school
MTs Surya Buana,112.6033595,-7.954008,school
SD Negeri Karangbesuki 3,112.5996916,-7.9534481,school
SMK Negeri 5 Malang,112.6351083,-7.9295457,school
SD Katolik Santa Maria II,112.6194803,-7.9740059,school
SMP Katolik Santa Maria II,112.6195648,-7.9735595,school
SMA Katolik Kolese Santo Yusup,112.6383218,-7.9386289,school
SMP Islam Sabilillah,112.6307523,-7.9286444,school
SDN Lowokwaru 3,112.6345233,-7.961515,school
Pondok Pesantren Nurul Huda Salafiyah Syafi'iyah Mergosono,112.6332836,-8.00083,school
SDN Tasikmadu 1,112.6293926,-7.9131131,school
SMP Katolik Kolese Santo Yusup 1,112.6361838,-7.9712909,school
SD Islam Terpadu Insan Permata,112.6185928,-7.9242154,school
SMA Negeri 3 Malang,112.6352889,-7.9760788,school
PAUD Rofi,112.6612823,-7.9317169,school
SD Kristen Petra,112.6323964,-7.9908956,school
MI MTS Khadijah,112.6271735,-7.977691,school
SD Muhammadiyah 1 Malang,112.6266818,-7.9804955,school
SD Tunas Harapan,112.6354614,-7.9953158,school
SD NU Bahrul Ulum,112.6351389,-7.9966588,school
SMP Katolik Cor Jesu,112.6324528,-7.9685572,school
SMP Kristen Aletheia,112.6377915,-7.9844923,school
SMP Katolik Bhakti Luhur,112.612043,-7.9728015,school
SD Katolik Santo Yusup 2,112.6360989,-7.9716785,school
SMP Katolik Kolese Santo Yusup 2,112.6395314,-7.9388421,school
SD Katolik Santo Yusup 3,112.6401776,-7.9387944,school
SMK Bhakti Luhur,112.6119277,-7.9725267,school
SD Katolik Bhakti Luhur,112.611839,-7.972792,school
SD Aletheia Malang,112.6374394,-7.9840885,school
SD Negeri Model Kota Malang,112.6477756,-8.0336451,school
SLB Autisme River Kids,112.5912922,-7.9437268,school
SD Negeri Bandulan 1,112.610168,-7.9851933,school
SMK Katolik Cor Jesu,112.6321953,-7.9670451,school
SD Katolik Cor Jesu,112.6313491,-7.9682128,school
SMA Katolik Cor Jesu,112.6324972,-7.9678909,school
SMP Kristen Charis,112.6000771,-7.9633145,school
SD Kristen Charis,112.5999485,-7.9635834,school
SMA Kristen Charis,112.5998345,-7.9632701,school
My Little Island,112.6028496,-7.9702034,school
SLB Bhakti Luhur,112.6113831,-7.9728118,school
SD Katolik Sang Timur Malang,112.6251794,-7.9613345,school
SMP Katolik Sang Timur Malang,112.6251118,-7.9610549,school
SMA Kristen Petra,112.6323064,-7.9905282,school
SMP Katolik Santa Maria 1,112.6287718,-7.9897466,school
SD Katolik Santa Maria 1,112.6291475,-7.9891651,school
SD Kristen Kalam Kudus,112.6244701,-7.984998,school
MI Nurul Huda,112.5977498,-7.9864668,school
SD Kristen Elim,112.6218825,-7.9910095,school
SMK Kristen Elim,112.6224263,-7.9911505,school
SMP Kristen Elim,112.6221279,-7.9910804,school
SMP Kartini Yasri,112.6146989,-7.986469,school
SMA Advent,112.6037378,-7.9706801,school
SMP Advent,112.6036813,-7.970773,school
SD Advent,112.6036634,-7.9709724,school
Global Kids School Araya,112.6610581,-7.9395907,school
SD Katolik Mardi Wiyata 1,112.6304414,-7.9711093,school
SMPK Frateran Celaket 21,112.6309406,-7.9713166,school
SD Kristen Brawijaya 01 Malang,112.6305436,-7.9786671,school
SMP 2 YPK Malang,112.6303718,-7.9780473,school
SD Taman Harapan,112.6326216,-7.981525,school
SMP Taman Harapan,112.6323339,-7.9818596,school
SMA Taman Harapan,112.6325071,-7.9819977,school
SMA PGRI 6 Malang,112.6210045,-8.0068546,school
SMK PGRI 7 Singhasari,112.6210404,-8.0067121,school
SD Katolik Marsudisiwi,112.6394699,-7.9418371,school
SMP Katolik Marsudisiwi,112.6391497,-7.9415836,school
SMA Widyagama,112.6375927,-7.9396763,school
SMK Widyagama,112.6377328,-7.9394069,school
SMP Kristen Kalam Kudus,112.6043478,-7.963711,school
SMA Kristen Kalam Kudus,112.604676,-7.9637558,school
SD Kristen Kalam Kudus,112.6042641,-7.9639543,school
SD Aisyiyah Kamila,112.6102152,-7.9452102,school
SMP Muhammadiyah 4,112.6104017,-7.9451694,school
Madrasah Diniyah Mambaul Huda,112.610578,-7.9834184,school
Pondok Pesantren Mambaul Huda,112.6104577,-7.9834631,school
SD Kristen Kalam Kudus Malang,112.6320375,-7.9901642,school
SMP Kristen Kalam Kudus Malang,112.6324719,-7.9901232,school
SMA Kristen Kalam Kudus Malang,112.6326389,-7.9903341,school
SD Negeri Bareng 5,112.622759,-7.9780453,school
SD Negeri Tlogowaru 1,112.6506681,-8.0394483,school
STAH Santika Dharma,112.6600335,-7.9947513,school
SMK Putera Indonesia Malang,112.6397317,-7.960111,school
Sekolah Dasar Imka,112.6385156,-7.9623276,school
SD Islam Sabilillah,112.6410257,-7.9422393,school
SMP Muhammadiyah 1 Malang,112.6283264,-7.9647879,school
SMA Muhammadiyah 1 Malang,112.6282891,-7.9650492,school
SDLB-B YPTB Malang,112.6286197,-7.9657395,school
SMPLB-B YPTB Malang,112.6285053,-7.9657894,school
SMALB-B YPTB Malang,112.6286468,-7.965789,school
SD Islam Aswaja,112.634738,-7.9724807,school
SMA Brawijaya Smart School,112.6163266,-7.9544395,school
SMP Brawijaya Smart School,112.6161697,-7.9550717,school
SMP Sriwedari,112.6223806,-7.9584501,school
SD Sriwedari,112.6226343,-7.9582904,school
SMK Sriwedari,112.6228369,-7.9582788,school
SD Muhammadiyah 9 Panglima Sudirman,112.6390021,-7.9654884,school
SMA Taman Madya,112.6412232,-7.9612674,school
SMP Taman Siswa,112.641004,-7.9617502,school
SMA Kertanegara,112.6308072,-7.9458794,school
SMP Kertanegara,112.6309702,-7.9459895,school
SMK Ardjuna 2,112.6575516,-7.9303687,school
SMP Ardjuna,112.6577879,-7.930501,school
SMP Bina Budi Mulia,112.6298079,-7.9843654,school
SD Bina Budi Mulia,112.629726,-7.9844766,school
SMP Wahid Hasyim,112.6083773,-7.9388585,school
SD Wahid Hasyim,112.6081423,-7.9390337,school
SMA Wahid Hasyim,112.608635,-7.9386608,school
SD Katolik Indriyasana,112.6174313,-7.9959518,school
SD Puri Asah Dini Avisiena,112.6604193,-7.9731493,school
SMA Darul Ulum Agung,112.6423861,-8.0238926,school
SMP Darul Ulum Agung,112.6423335,-8.0249638,school
SMP 4 YPK,112.6478757,-7.9921419,school
SD Brawijaya 3 YPK,112.6479138,-7.9922835,school
SMK Tumapel Malang,112.6080432,-7.9705412,school
Kuttab Ibnu Mas'ud,112.6347823,-7.9576832,school
SMP Putri Al-Irsyad Al-Islamiyyah,112.6260066,-7.9847757,school
SD Al-Irsyad Al-Islamiyyah,112.6257367,-7.9847411,school
Masjid kantor kementerian agama kota malang,112.6502548,-7.9307447,place_of_worship
Mushola Baitul Ilmi,112.6115435,-7.9508551,place_of_worship
Masjid Bahrus Sholihin,112.644386,-7.9336042,place_of_worship
Ponpes Bahrus Sholihin,112.6439821,-7.9343557,place_of_worship
Masjid Sabilillah,112.6413951,-7.9419223,place_of_worship
Masjid Jami' Blimbing,112.6424817,-7.9405584,place_of_worship
Masjid Miftahul Jannah,112.6324015,-8.026468,place_of_worship
Masjid Hidayatul Muhtadin,112.6471854,-8.0228925,place_of_worship
Gereja Yesus Kristus Dari Orang-Orang Suci Zaman Akhir,112.6352809,-7.9755262,place_of_worship
Masjid Taqwa Temengungan,112.635624,-7.9833639,place_of_worship
Musala FK,112.613339,-7.9541948,place_of_worship
Masjid Raden Patah UB,112.6154901,-7.9517094,place_of_worship
Masjid An-Nur,112.6154216,-7.9453747,place_of_worship
Masjid Ulul Albab,112.6077937,-7.9528983,place_of_worship
Masjid Raya Polinema,112.6159231,-7.9484688,place_of_worship
FIA Mushola,112.6143372,-7.949839,place_of_worship
Masjid Miftahul Jannah,112.6585991,-7.9777289,place_of_worship
Gereja Kristus Tuhan Jemaat III Malang,112.622421,-7.967778,place_of_worship
GPdI Maranatha,112.6363366,-7.9828373,place_of_worship
Masjid Al-Hikmah (C4 & C5),112.6168838,-7.9615453,place_of_worship
Masjid Baabul Jannah,112.6188268,-7.9501482,place_of_worship
GBI Suropati,112.6392428,-7.978562,place_of_worship
MASJID NUR MUHAMMAD,112.6116958,-7.9663143,place_of_worship
Masjid Baitul Muttaqin Men Armed 2,112.6403745,-7.9794062,place_of_worship
Masjid NU,112.6088784,-7.947948,place_of_worship
Masjid Bahrus Sholihin,112.6442403,-7.933515,place_of_worship
Masjid Al-Hidayah,112.6176966,-7.9663556,place_of_worship
Masjid Jami Aliya,112.6096344,-7.9485782,place_of_worship
Masjid Manarul Huda,112.6103237,-7.9540948,place_of_worship
Masjid Ibnu Sina,112.617012,-7.9563702,place_of_worship
GPdI Hebron,112.6061202,-7.9662555,place_of_worship
Gereja Kristen Injili Nusantara Persekutuan Sahabat,112.6033616,-7.9701531,place_of_worship
STI Vihara Samaggi Viriya,112.5991226,-7.962405,place_of_worship
Gereja Masehi Advent Hari Ketujuh Dieng Malang,112.6033484,-7.9709302,place_of_worship
Vihara Vijra Bumi Kertanegara,112.6033474,-7.9711552,place_of_worship
Masjid Jami' Al-Barokah,112.5980477,-7.9869038,place_of_worship
Masjid Assyifa,112.6382353,-7.9661198,place_of_worship
Masjid Al-Hafidz,112.6414518,-7.9694756,place_of_worship
Muqorrobun,112.6170487,-7.9444878,place_of_worship
Masjid Al Falah,112.6216479,-7.9605441,place_of_worship
Musholla Nawawi,112.6407738,-8.0276129,place_of_worship
Masjid Sunan Kalijaga,112.6347238,-7.9601045,place_of_worship
Masjid Al-Muhlisin,112.6334692,-7.963558,place_of_worship
Masjid P. Diponegoro,112.635011,-7.9594189,place_of_worship
Al Bashiroh,112.6412981,-8.0297794,place_of_worship
Masjid Al-Khoirot,112.672309,-7.9742313,place_of_worship
Masjid Al-Ikhlas,112.6701468,-7.9769756,place_of_worship
Majid Al-Nahdlor,112.671199,-7.9730868,place_of_worship
Masjid Ainul Yaqin,112.6063971,-7.9355314,place_of_worship
Gereja Katolik Maria Diangkat ke Surga,112.6278633,-7.9553986,place_of_worship
GBT Ekklesia Keluarga Allah,112.6273261,-7.9552042,place_of_worship
Gereja Kristen Injili Nusantara Sikhar,112.6288335,-7.9556069,place_of_worship
Masjid Mohammad Hatta,112.627808,-7.9525011,place_of_worship
Masjid Mu`aawanah,112.6268794,-7.9486088,place_of_worship
Vihara Dharma Mitra Arama,112.6170895,-7.9484243,place_of_worship
Masjid Al-Huda,112.6232436,-7.9539445,place_of_worship
Masjid Al-Islah,112.6114017,-7.9367582,place_of_worship
Masjid Al-Muhajirin,112.6180724,-7.9419288,place_of_worship
Musollah Nurul Islam,112.6197466,-7.9508464,place_of_worship
Langgar Waqaf Nurul Muttaqin,112.6207124,-7.9512416,place_of_worship
Mushola Waqaf Baitul Chasanah,112.6212017,-7.9510252,place_of_worship
Langgar Waqof Darussalam,112.6222255,-7.9524815,place_of_worship
Gereja Eleos,112.6325356,-7.9776625,place_of_worship
GKI Tumapel,112.6316161,-7.977635,place_of_worship
Masjid Jenderal Ahmad Yani,112.6313792,-7.9762381,place_of_worship
Mushola Baiturohmah,112.6307786,-7.9773099,place_of_worship
Gereja Katolik Hati Kudus Yesus Kayutangan,112.6309118,-7.9807265,place_of_worship
Masjid Agung Jami' Malang,112.6296837,-7.9824351,place_of_worship
Masjid Taj'diidus Sholah,112.6323228,-7.9825797,place_of_worship
GPIB Jemaat Immanuel Malang,112.6300259,-7.9816798,place_of_worship
Gereja Pantekosta di Indonesia,112.6289931,-7.9845445,place_of_worship
Gereja Pantekosta di Indonesia Zion Altar,112.6339268,-7.9838499,place_of_worship
Gereja Sidang-Sidang Jemaat Allah Maranatha,112.6283567,-7.980854,place_of_worship
Masjid Taufiqurahman,112.6291528,-7.9795248,place_of_worship
LANGGAR WAKOF AL HIDAYAH,112.6344601,-7.9805794,place_of_worship
Masjid Al Hidayah,112.6163524,-7.9893883,place_of_worship
Masjid Istiqomah,112.6169183,-7.9912568,place_of_worship
Masjid Ibnu Sina,112.6319502,-7.9736299,place_of_worship
Masjid Shalahuddin,112.6333181,-7.9703933,place_of_worship
Masjid Pondok Pesantren Nurul Huda Salafiyah Mergosono,112.6332874,-8.0008119,place_of_worship
Masjid Jami Al-Fattah,112.6348449,-7.9982567,place_of_worship
Gereja Kristen Abdiel Immanuel,112.6381937,-7.9744319,place_of_worship
Masjid Munawarah,112.6439748,-7.9794786,place_of_worship
Gereja Katolik Ratu Rosari,112.6480347,-7.976319,place_of_worship
Masjid Asrorul Huda,112.593883,-7.9892196,place_of_worship
Musholla Baitul Gufron,112.5902267,-7.9842585,place_of_worship
Masjid Polresta,112.6302159,-7.9717245,place_of_worship
Mushola Darul Mukaramah,112.6573244,-8.0016734,place_of_worship
Mushola Thoriqol Jannah,112.6579164,-8.0005932,place_of_worship
Langgar Al Hidayah,112.6540346,-7.9964035,place_of_worship
Langgar Riyadul Muchlisin,112.6567491,-7.9987371,place_of_worship
Mushola Al Ikhsan,112.6552177,-7.9996222,place_of_worship
Langgar Baiturrahman,112.6680985,-8.0035438,place_of_worship
Langgar Nashirudin,112.6630779,-8.000948,place_of_worship
Langgar Al Khodijah,112.6614023,-7.9998493,place_of_worship
Mushola Al Hidayah,112.6599885,-8.0022089,place_of_worship
Musholla Al-Ikhlas,112.6054592,-7.9775149,place_of_worship
Masjid Assalam,112.65254,-7.9285927,place_of_worship
Gereja Kristus Tuhan Jemaat Antiokhia,112.6008531,-7.9632194,place_of_worship
Candi Badut,112.5986042,-7.9578133,place_of_worship
Gereja Pantekosta di Indonesia Lembah Dieng,112.6014112,-7.967986,place_of_worship
Masjid Jami' Arroudloh,112.5991522,-7.9569364,place_of_worship
Masjid Al - Muttaqin,112.6371535,-7.9936019,place_of_worship
MASJID JAMIATUL HUDA,112.6437088,-7.9673237,place_of_worship
Masjid Al Kautsar,112.6294478,-7.9615968,place_of_worship
Gereja Katolik Cor Jesu,112.6320063,-7.9672432,place_of_worship
Masjid Ki Ageng,112.6663721,-7.9806095,place_of_worship
Masjid An-Nur,112.6283222,-7.97025,place_of_worship
Masjid Asy-Styifa,112.6218332,-8.0244202,place_of_worship
Masjid Al Amin,112.6319401,-7.9231075,place_of_worship
Masjid Jami' Miftahul Huda,112.6299251,-7.9376087,place_of_worship
Gereja Sidang Jemaat Allah Talitakum,112.6112851,-7.9787646,place_of_worship
Masjid Insan Karim,112.6025163,-7.9457141,place_of_worship
Musholla An-Nawawi,112.6473267,-8.020972,place_of_worship
Masjid Sabilul Muhtadin,112.6345745,-8.0203444,place_of_worship
Masjid Baiturahman,112.6557386,-7.9896124,place_of_worship
Masjid Abdillah,112.6497955,-7.9606573,place_of_worship
Masjid Hidayaturahman Brawijaya,112.6413878,-7.9765526,place_of_worship
Masjid Baitus Salam,112.6047042,-7.9682502,place_of_worship
Masjid Darul Mutaqin,112.6076437,-7.9284158,place_of_worship
Masjid An-Nur,112.6230129,-7.9361781,place_of_worship
Masjid Al-Hijrah,112.6314824,-7.9343902,place_of_worship
Gereja Kristus Tuhan Blimbing,112.6343566,-7.9365467,place_of_worship
Masjid Raya Al Farabi,112.6331694,-7.9373953,place_of_worship
Masjid A.R Fachrudin,112.5958414,-7.9213229,place_of_worship
Masjid Al Muhajirin Pondok Blimbing Indah,112.6582087,-7.9386012,place_of_worship
Masjid Khadijah,112.6269727,-7.9778768,place_of_worship
Masjid Al-Ikhlas,112.6129968,-7.9775979,place_of_worship
Masjid Manarul Islam,112.6598203,-7.9740007,place_of_worship
Gereja Isa Almasih,112.623927,-7.9987492,place_of_worship
Gereja Kristen Jawi Wetan Jemaat Sukun,112.6215866,-8.0007276,place_of_worship
Musholla Al-Arif,112.5981903,-7.9533966,place_of_worship
MASJID BAITURAHMAN,112.5931673,-7.9527805,place_of_worship
Masjid Al - Ikhlas,112.6373794,-7.995339,place_of_worship
Masjid Al-Mujahirin,112.5962436,-7.9437807,place_of_worship
Masjid Al-Ikhlas,112.5924969,-7.9434353,place_of_worship
Kapel Susteran Misericordia,112.6080074,-7.9673355,place_of_worship
Greja Kristen Jawi Wetan Jemaat Tulungbawang,112.6396711,-7.9604593,place_of_worship
Gereja Kristen Muria Indonesia Efata,112.6376564,-7.9608682,place_of_worship
Musholla Al-Qona`ah,112.5911129,-7.9428628,place_of_worship
Masjid Ar-Ridlo,112.6422048,-7.9585735,place_of_worship
GSJA Penuaian,112.6390219,-7.9506567,place_of_worship
Masjid Sulaiman,112.637311,-7.9515743,place_of_worship
Masjid Nurul Iman,112.6340681,-7.9511849,place_of_worship
Masjid Al-Istiqomah,112.6408179,-7.9551901,place_of_worship
Gereja Presbiterian Bukit Sion Indonesia Malang,112.6401452,-7.951819,place_of_worship
Masjid Darul Muttaqin,112.6350622,-7.9546943,place_of_worship
Masjid Ridwanussholihin,112.6350618,-7.9582102,place_of_worship
Masjid Al-Ihsan,112.6302438,-7.9742169,place_of_worship
Greja Kristen Jawi Wetan Jemaat Tunjungsekar,112.6373655,-7.9320775,place_of_worship
Masjid Hidayatullah,112.6274472,-7.9317533,place_of_worship
Masjid Baitul Muttaqin,112.6403843,-7.9382694,place_of_worship
Musolla,112.6329382,-7.9214232,place_of_worship
Masjid Abdullah,112.6171217,-7.9306632,place_of_worship
Musholla Al-Ikhlas,112.618324,-7.9336663,place_of_worship
Masjid Baiturahman,112.613769,-7.9309036,place_of_worship
Masjid Al-Huda,112.6206301,-7.934764,place_of_worship
Masjid Nurul Jannah,112.6160109,-7.934692,place_of_worship
Masjid Ramadhan,112.6224755,-7.938711,place_of_worship
Masjid Nurus Salam,112.6354374,-7.9382858,place_of_worship
GPT Kristus Kasih,112.6369217,-7.9382048,place_of_worship
Masjid Miftachul Fataa,112.6328407,-7.941016,place_of_worship
Gereja Katolik Santo Albertus de Trapani,112.6424747,-7.9424426,place_of_worship
Masjid Muttaqien,112.6394311,-7.9448972,place_of_worship
Masjid Al-Muttaqien,112.6382953,-7.9412839,place_of_worship
Masjid RW 06,112.6493004,-7.979875,place_of_worship
Masjid Nurul Hikmah,112.6524802,-7.9794447,place_of_worship
Masjid Nurul Hikmah,112.6534203,-7.9781886,place_of_worship
Masjid Al-Kautsar,112.6518588,-7.9806407,place_of_worship
Masjid Ramadhan,112.6555559,-7.9424942,place_of_worship
GPIB Getsemani Malang,112.6538647,-7.940002,place_of_worship
Masjid Al-Ishlah,112.634831,-8.0148475,place_of_worship
"Langgar Waqaf ""al Amin""",112.6543967,-7.9497934,place_of_worship
Masjid Al Hidayah,112.6558562,-7.9479891,place_of_worship
Masjid AR - Rosul,112.6524087,-7.9456948,place_of_worship
Masjid Sholahuddin Kanwil Jatim III,112.6413932,-7.9470548,place_of_worship
Masjid Al-Amin,112.6382747,-7.9467602,place_of_worship
Masjid Al-Huda,112.6407416,-7.9486688,place_of_worship
Masjid Baiturrahman Bantaran,112.6365758,-7.9493516,place_of_worship
Musholla Ar-Rahman,112.6233691,-7.9435614,place_of_worship
Mushola Kendalisodo,112.6243549,-7.943689,place_of_worship
Masjid Al Fatichul Rozzaq,112.6006101,-7.9321985,place_of_worship
Masjid Shirothol Mustaqim Tlogomas,112.6024703,-7.9316006,place_of_worship
Masjid Al-Ghozali,112.6008079,-7.9336179,place_of_worship
Musholla Miftahul Ulum,112.6004607,-7.9390422,place_of_worship
Gang Majsid,112.6058254,-7.9373812,place_of_worship
Gereja Pantekosta di Indonesia Gloria,112.6069777,-7.9385964,place_of_worship
Masjid Jabal Rohmah,112.6082904,-7.938274,place_of_worship
Masjid Nurul Iman,112.6064301,-7.9605686,place_of_worship
Masjid Al-Ikhlas,112.6042916,-7.9401433,place_of_worship
Masjid Jami' Al-Isti'dad,112.6016635,-7.9395133,place_of_worship
Masjid Darussalam,112.6437392,-7.9610803,place_of_worship
Masjid Ali Sarbawi,112.636682,-7.9574365,place_of_worship
Masjid Roudhotul Jannah,112.6301586,-7.9540311,place_of_worship
MASJID AL HAFID,112.6446877,-7.9739462,place_of_worship
Masjid Ainul Yaqin,112.6602385,-7.9680001,place_of_worship
Musholla Al-Amien,112.6361827,-8.0058431,place_of_worship
Masjid Ali Mustofa,112.6291247,-8.008251,place_of_worship
Greja Kristen Jawi Wetan - Jemaat Gadang,112.6297669,-8.0100478,place_of_worship
Masjid Al-Amin,112.6664827,-7.9751048,place_of_worship
Masjid Ramadhan,112.6677829,-7.9743517,place_of_worship
Masjid Darul Mujahidin,112.6682752,-7.9756735,place_of_worship
Masjid Nurul Iman GMS,112.6643952,-7.9732394,place_of_worship
Gereja Kristen Injili Nusantara Narwastu,112.6595916,-7.9798905,place_of_worship
Masjid Graha Muslim,112.6622969,-7.9798478,place_of_worship
Musholla Al-Ikhlas,112.661755,-7.973069,place_of_worship
Masjid Baitul Izzah,112.6564492,-7.9747846,place_of_worship
Masjid Al Fatah,112.6590312,-7.9690091,place_of_worship
Masjid Al Furqon,112.6583131,-7.9713164,place_of_worship
Masjid Al-Muhajirin,112.655715,-7.9779751,place_of_worship
GKII Sawojajar,112.6573102,-7.9800018,place_of_worship
Masjid Al Muhajirin Dirgantara,112.6540848,-7.9858484,place_of_worship
Masjid Nurul Yaqin,112.6276148,-7.9718375,place_of_worship
Gereja Kristen Injili Nusantara Imanuel II,112.627166,-7.9735945,place_of_worship
GBIS Elohim,112.6297661,-7.9868848,place_of_worship
Masjid Jami` Fathurrohman,112.6496524,-7.9283132,place_of_worship
Masjid Irsyadul Ibad,112.650549,-7.9843905,place_of_worship
"Musholla ""Riyadlul Jannah""",112.6512756,-8.029116,place_of_worship
Mushollah Darul Muttaqin,112.6526235,-8.0300883,place_of_worship
Masjidil Halal,112.6381033,-8.0052552,place_of_worship
Masjid RW 04,112.6518453,-8.0181668,place_of_worship
Mushola Nurul Taqwa,112.6569374,-7.9694615,place_of_worship
Masjid Maula Dawilah - Darus Solihin,112.6576924,-7.983534,place_of_worship
Masjid Baitunnajah,112.6582396,-7.9859308,place_of_worship
Masjid Al Hasan,112.6074306,-7.9233521,place_of_worship
Masjid Al Hasyr,112.6540563,-7.9883572,place_of_worship
Klenteng Oro-Oro Dowo,112.6276104,-7.9640778,place_of_worship
Masjid RW 06,112.6266464,-7.9632106,place_of_worship
Mushola Miftahul Jannah,112.6560795,-8.0009543,place_of_worship
GKI Bromo,112.6256184,-7.9791136,place_of_worship
"Mushola ""Nur Waqof""",112.6533257,-7.9667893,place_of_worship
MASJID AR-RAHMAN,112.6520089,-7.9721678,place_of_worship
Musholla Al-Munawaroh,112.6477072,-8.0241321,place_of_worship
Masjid Nashruddin,112.6495217,-7.990861,place_of_worship
Langgar Wali Songo Sunan Ampel,112.630802,-8.03131,place_of_worship
"Masjid "" Darul Muhajirin """,112.6394187,-7.9959198,place_of_worship
MASJID AL JIHAD,112.6428159,-7.9650682,place_of_worship
GPPS Anugerah Malang,112.6464912,-7.948942,place_of_worship
Masjid Panglima Besar Jendral Soedirman,112.6391249,-7.9653057,place_of_worship
Masjid Muthoharun,112.6134086,-8.0035763,place_of_worship
Masjid Jami' Al Falah,112.6530499,-8.0358223,place_of_worship
Masjid Al-Barokah,112.6563612,-8.0351926,place_of_worship
Masjid Nurul Muttaqin,112.6628649,-8.0372236,place_of_worship
Musholla Ainul.Yaqin,112.6600963,-8.0393172,place_of_worship
Musholla Waqof Al-Hidayah,112.6593052,-8.0363082,place_of_worship
Masjid Riyadlul Muttaqin,112.6520822,-8.0324615,place_of_worship
Mushola Sunan Giri VI,112.6391517,-8.0043782,place_of_worship
Masjid Al Mubarokah,112.6431525,-8.0117919,place_of_worship
Musholla Waqof Ar - Rohman,112.6465705,-7.9975104,place_of_worship
Mushola Al-Furqon,112.6396599,-8.0001259,place_of_worship
Masjid Jami' Darul Muhtadiin,112.6425782,-8.0011776,place_of_worship
Langgar Waqof Nurul Iman,112.6452659,-8.001547,place_of_worship
Masjid Darussalam,112.6349346,-7.9948688,place_of_worship
Masjid Mujahidin dan Madin Melati,112.634408,-7.996522,place_of_worship
Musholla Nurul Jannah,112.6320731,-8.0004603,place_of_worship
Masjid Miftahul Jannah,112.6330845,-8.0036026,place_of_worship
Masjid Riyaadlus Shiddiqiin,112.6560358,-7.95763,place_of_worship
Masjid Al Taqwa Orphanage Qolbi,112.5908981,-7.9370354,place_of_worship
Masjid Baiturrahman,112.6041437,-7.9380127,place_of_worship
Masjid Asy,112.6052203,-7.9337566,place_of_worship
Masjid Muritsul Jannah,112.6371015,-7.9908569,place_of_worship
Masjid Barokah,112.6344983,-7.9931943,place_of_worship
Masjid Ibnu Hajar,112.641428,-7.9942614,place_of_worship
Musholla Darussholihin,112.6437423,-7.9927975,place_of_worship
Masjid Jami Darussalam,112.6444512,-7.9928119,place_of_worship
Masjid Nurul Iman,112.6263168,-7.9587819,place_of_worship
GKJW Jemaat Kedungkandang,112.6481754,-7.9922186,place_of_worship
Masjid Sabilit Taqwa,112.6421457,-8.0432999,place_of_worship
Masjid Jabal Nur,112.6678895,-8.023009,place_of_worship
Masjid Al-Akbar,112.6395758,-8.0027448,place_of_worship
Mushola Al-Muttaqin,112.6547607,-7.9888046,place_of_worship
Langgar Al Bari,112.6639369,-8.0000292,place_of_worship
Masjid Ibadur Rahman Ar Roisi,112.6616284,-7.9996438,place_of_worship
Mushola Salahudin,112.6559561,-7.9978986,place_of_worship
Langgar Riyadus Sholihin,112.6522097,-7.9966287,place_of_worship
Langgar Al Fauzan,112.6537939,-7.9936324,place_of_worship
Langgar Al Muhajirin,112.6518528,-7.9940702,place_of_worship
Langgar Al Mikroj,112.6503646,-7.9982203,place_of_worship
Masjid Al Hayatul Islamiah,112.6509628,-7.995505,place_of_worship
Masjid Solehuddin,112.6475497,-7.9966648,place_of_worship
Langgar RT 03 RW 06,112.6459543,-7.994234,place_of_worship
Masjid Asofyan,112.6471744,-7.9940243,place_of_worship
Masjid Roudlotul Jannah (LDII),112.6209347,-7.9976427,place_of_worship
Masjid Nurul Huda,112.6176361,-7.9868623,place_of_worship
Masjid Al-Hikmah Tanjung,112.6199243,-7.9846801,place_of_worship
Masjid Al-Fattah Gempol,112.6145351,-7.994559,place_of_worship
Masjid Al Abror,112.6128551,-7.9841902,place_of_worship
Masjid Roudlotul Jannah,112.6089422,-7.9809021,place_of_worship
Gereja Bethel Tabernakel,112.6177311,-7.9961909,place_of_worship
Masjid Al-Anshor,112.6119835,-7.9872219,place_of_worship
Masjid Islamic Manarul,112.6598618,-7.9744299,place_of_worship
Masjid Al Mu'min,112.6572072,-7.9730889,place_of_worship
Musholla Miftahul Huda,112.6587138,-7.970067,place_of_worship
Masjid Al-Ma'shum,112.6575289,-7.9809048,place_of_worship
MASJID SABIROTUL ROSAT,112.5968913,-7.9538949,place_of_worship
Masjid Al Mukhlisin,112.6222965,-7.9959662,place_of_worship
Masjid Wali Songo,112.6214411,-7.9967093,place_of_worship
Masjid Mas Mansur,112.6159018,-7.993451,place_of_worship
Masjid Darussalam,112.6215993,-7.9869111,place_of_worship
Masjid An Nur,112.6244935,-7.9829822,place_of_worship
MASJID RODLOH,112.6359001,-7.9807017,place_of_worship
LANGGAR MUSLIMAT,112.634909,-7.9809139,place_of_worship
Masjid Darussalam Pnp,112.6150595,-7.9909086,place_of_worship
Masjid Besar Nurul Muttaqin,112.6209223,-8.0212295,place_of_worship
Masjid Asyura,112.6201418,-8.0192167,place_of_worship
Gereja Baptis Indonesia El Shaddai,112.6466165,-7.9757645,place_of_worship
Mushalla Da'imah,112.6176067,-7.9533602,place_of_worship
Masjid Istiqomah,112.6181305,-7.9523831,place_of_worship
Masjid Laduni,112.6240588,-7.9562577,place_of_worship
Masjid Muawanah,112.6248082,-7.9603853,place_of_worship
Masjid Al Hidayah,112.6241889,-7.9623837,place_of_worship
Masjid NURIL ANWAR,112.6049545,-7.9458283,place_of_worship
Masjid RW 06,112.6485536,-7.9822494,place_of_worship
Masjid RW 06,112.6492774,-7.9781507,place_of_worship
Masjid RW 07,112.6494842,-7.9755233,place_of_worship
Masjid RW 04,112.6440995,-7.9881585,place_of_worship
Gereja Protestan di Indonesia Bagian Barat Jemaat Sejahtera Malang,112.6451453,-7.9883908,place_of_worship
Gereja Bethel Indonesia Perlindungan,112.6448271,-7.9875382,place_of_worship
Masjid RW 01,112.6406444,-7.9869312,place_of_worship
Masjid RW 01,112.6414604,-7.9856857,place_of_worship
Musholla SDN Polehan 3,112.6468632,-7.9842799,place_of_worship
Masjid Syirotollmustakim,112.6452261,-7.987754,place_of_worship
Masjid RW 04,112.6439968,-7.9896848,place_of_worship
Masjid Sunan Kalijaga,112.606621,-7.9621085,place_of_worship
Huria Kristen Batak Protestan Malang,112.6271139,-7.9743656,place_of_worship
Gereja Kristen Kalam Kudus,112.6281656,-7.9761551,place_of_worship
Masjid Al Mutaqin,112.6292415,-7.9749969,place_of_worship
Musholla Darul Khoir,112.599086,-7.9424443,place_of_worship
Musholla Hidayatullah,112.5978324,-7.9416638,place_of_worship
Masjid Nurul Huda,112.6175528,-8.001183,place_of_worship
Masjid Babussalam,112.6201248,-8.0044952,place_of_worship
Masjid Muthohhar,112.6386619,-7.9871847,place_of_worship
Gereja Persekutuan Kristen,112.6376997,-7.9841558,place_of_worship
Masjid Roisiyah,112.6388479,-7.9878895,place_of_worship
Masjid Jami` Bairur Rohaman,112.6558992,-7.9728952,place_of_worship
Masjid Nurul Iman,112.6156264,-7.9845445,place_of_worship
Gereja Sidang-Sidang Jemaat Allah Immanuel,112.6191157,-8.0082198,place_of_worship
Masjid Cut Nyak Dien,112.6474911,-7.9648678,place_of_worship
MASJIS IMAM BONJOL,112.6460592,-7.971661,place_of_worship
Masjid Darussalam,112.6509785,-7.9228244,place_of_worship
Masjid Nur Muhammad,112.6557341,-7.925229,place_of_worship
Masjid Sunan Bonang,112.6564037,-7.9294156,place_of_worship
Masjid Syarifuddin,112.6610595,-7.9308776,place_of_worship
Masjid Al Hidayah,112.6146599,-7.9268704,place_of_worship
Masjid Al Mukhlisin,112.615654,-7.9264454,place_of_worship
Masjid Baitul Haq,112.6130841,-8.0051648,place_of_worship
Masjid Mujahidin Sulfat S Malang,112.6538096,-7.9656112,place_of_worship
Masjid Al-Aqsha,112.652775,-7.9595133,place_of_worship
Masjid Baiturohman,112.6610698,-7.9444757,place_of_worship
Masjid Daarul Muttaqiin,112.6530171,-7.9576617,place_of_worship
MASJID DA'RUL MUTAQIN,112.6125642,-7.9644298,place_of_worship
Masjid Al-Huda,112.6259241,-7.9451772,place_of_worship
Masjid Babusalam,112.6273245,-7.9418894,place_of_worship
Gereja Kerasulan Baru Indonesia - Jemaat Mojolangu,112.6275255,-7.9404117,place_of_worship
Masjid Al Ikhlas,112.6273123,-7.9401374,place_of_worship
Masjid Al-Manar,112.6625416,-7.931596,place_of_worship
Sanggar Candi Busana,112.656841,-7.9352027,place_of_worship
Musholla Wakaf Sabiililmuhtadin,112.653306,-8.0412473,place_of_worship
Masjid Al-Furqon,112.5969838,-7.9418819,place_of_worship
Musholla Sirotul Jannah,112.6094825,-7.9845466,place_of_worship
Masjid Intisyarul Islam,112.6056042,-7.9836025,place_of_worship
Kapel Santo Yohanes Gabriel Perboyre,112.6085731,-7.9851988,place_of_worship
Masjid Nurus Salam,112.6055384,-7.9849239,place_of_worship
Gereja Kristen Injili Nusantara Hosana,112.6034638,-7.9834952,place_of_worship
Masjid Baitul Muttaqiin,112.6048792,-7.9892648,place_of_worship
Masjid Ar-Rahman,112.6179285,-8.0058468,place_of_worship
Masjid Baiturrohmah,112.6356935,-7.952561,place_of_worship
Masjid As-Syafi'i,112.6392637,-7.9504495,place_of_worship
Gereja Pantekosta Tabernakel Filadelfia,112.642577,-7.9531703,place_of_worship
Masjid Darussalam,112.6476131,-7.9549737,place_of_worship
Masjid Nurul Ilmi Kampus FIP UM,112.6677481,-7.9794288,place_of_worship
GKI Bromo Malang di Jalan Probolinggo,112.6169919,-7.9673703,place_of_worship
Kapel Maranatha,112.6251306,-7.9859353,place_of_worship
GBT Kristus Pelepas,112.6307399,-7.9921278,place_of_worship
Gereja Bethany Tower of Christ,112.6255127,-7.977775,place_of_worship
Kapel St. Vincentius a Paulo Bhakti Luhur,112.6113843,-7.9715563,place_of_worship
Masjid Jami' Alamul Huda,112.6079414,-7.9748651,place_of_worship
Musholla Al-Falah,112.6033001,-7.9801081,place_of_worship
Masjid Al Ihsan,112.6139378,-7.9675849,place_of_worship
Gereja Pentakosta di Indonesia Immanuel,112.614377,-7.9740819,place_of_worship
Masjid Attawwaabiin,112.609833,-7.9710509,place_of_worship
Masjid Besar Quba,112.6201391,-7.9766196,place_of_worship
Masjid Kyai Haji Ahmad Dahlan,112.6226689,-7.9787637,place_of_worship
Masjid Al Huda SMP Negeri 6 Malang,112.6246364,-7.9791235,place_of_worship
Gereja Katedral Santa Perawan Maria Gunung Karmel,112.6242247,-7.9687897,place_of_worship
Masjid Al-Ishlah Polowiijen,112.647012,-7.9290272,place_of_worship
FT Mushola,112.6131583,-7.9489386,place_of_worship
Mushola FPIK,112.6111828,-7.9533949,place_of_worship
Masjid ASSALAM,112.6046602,-7.9313979,place_of_worship
Masjid Al-Islah,112.6151989,-7.9708546,place_of_worship
Masjid Tsamrotul Iman,112.6130979,-7.9712901,place_of_worship
Masjid Miftahul Huda,112.6172842,-7.9732858,place_of_worship
Mushola Al Ikhlas,112.6134655,-7.9582282,place_of_worship
Gereja Kristen Inijili Nusantara Getsemani,112.6365616,-7.9989762,place_of_worship
Mushola Al-Amin,112.6443869,-7.9521381,place_of_worship
Masjid Ar-Rohman,112.6377902,-7.9856064,place_of_worship
Gereja Kristen Injili Nusantara Kalvari,112.644711,-7.9851712,place_of_worship
Masjid Ainul Yaqin,112.6011502,-7.9867626,place_of_worship
Mushola Khasanuddin,112.6465735,-7.9858742,place_of_worship
Masjid Al Hidayah,112.60149,-7.9935532,place_of_worship
Masjid As-Sakinah,112.6045448,-7.9921524,place_of_worship
Musholla Al-Ansor,112.6028773,-7.9933023,place_of_worship
Gereja Bethel Injil Sepenuh Mulyorejo,112.6032345,-7.9932934,place_of_worship
Mushollah Roudhotul Jannah,112.6024475,-7.9917446,place_of_worship
Masjid Al-Ikhsan,112.6148811,-8.0008403,place_of_worship
Langgar Waqof Sunan Drajat,112.6130894,-7.999784,place_of_worship
Masjid Al-Hikmah,112.6648063,-7.9441183,place_of_worship
Kapel Susteran Sang Timur,112.5966262,-7.9781492,place_of_worship
Kapel Kolese Santo Yusup,112.6385056,-7.9380848,place_of_worship
Gereja Katolik Santo Vincentius a Paulo,112.614202,-7.9824274,place_of_worship
Masjid Miftahul Huda,112.6056346,-7.9826712,place_of_worship
Masjid Raden Rahmad,112.6021994,-7.944206,place_of_worship
GPdI Shekinah,112.6390751,-7.9848558,place_of_worship
Masjid Nur Inka,112.6203487,-7.9721951,place_of_worship
Gereja Kristen Injili Nusantara Anugerah,112.6135564,-7.9935431,place_of_worship
Masjid Miftahul Jannah,112.6387101,-7.9659273,place_of_worship
Masjid Roudhotul Mustarsyidin,112.6364605,-7.9667618,place_of_worship
Musholla Kalimosodo,112.6110156,-7.9815922,place_of_worship
Masjid Al-Jihad,112.6046757,-7.9800711,place_of_worship
Betania Reborn Center (BRC) Malang,112.6120646,-7.9761753,place_of_worship
Masjid Muhajirin YIM,112.6107683,-7.9583343,place_of_worship
Masjid PR Gandum,112.5997935,-7.9835284,place_of_worship
Musholla Shirothol Mustaqiem,112.6114954,-7.9810385,place_of_worship
Greja Kristen Jawi Wetan Jemaat Mulyorejo,112.5923602,-7.9893865,place_of_worship
Kapel Katolik Santa Theresia Lisieux,112.61384,-7.995842,place_of_worship
Greja Kristen Jawi Wetan Pasamuwan Malang,112.625861,-7.9831242,place_of_worship
Masjid Al Hidayah,112.6082198,-7.968395,place_of_worship
Masjid Al-Huda Unmer,112.6097807,-7.9727485,place_of_worship
Masjid Al-Islah,112.6024466,-7.9841039,place_of_worship
GKT Jemaat 1,112.6310521,-7.9909683,place_of_worship
Masjid Ibnu Fatah,112.5873824,-7.9840809,place_of_worship
Gereja Kristen Alkitab Indonesia Efata,112.5880396,-7.9838622,place_of_worship
Musholla Arrohman,112.5965223,-7.9858731,place_of_worship
Masjid Baiturrohman,112.6012875,-7.9909532,place_of_worship
Masjid Griyo Muslim,112.6022778,-7.9944384,place_of_worship
Masjid Nur Huda,112.601005,-7.9972316,place_of_worship
Masjid Miftahul Jannah,112.5995956,-7.9871443,place_of_worship
Masjid Al Muchlisin,112.5982192,-7.9854936,place_of_worship
Masjid Al-Amin,112.5967948,-7.9877272,place_of_worship
Mushollah Al-Ihklas,112.5957716,-7.9877426,place_of_worship
Masjid Darussalam,112.6037141,-7.9865159,place_of_worship
Musholla Raudhotul Jannah,112.6050136,-7.9871087,place_of_worship
Musholla Miftahul Jannah,112.6068872,-7.9874237,place_of_worship
Mushola Ar-Rahman,112.6086351,-7.9884547,place_of_worship
Masjid Baiturrohmah,112.6450115,-7.9532389,place_of_worship
Masjid Baiturrochim,112.6429422,-7.9515759,place_of_worship
Masjid Asy-Syifa RST Soepraoen,112.6216938,-7.9890123,place_of_worship
Masjid Fathul Huda,112.6176909,-7.9924999,place_of_worship
Musholah Al-Ikhlas,112.6121503,-7.9945197,place_of_worship
Mushollah Al-Fattah,112.6116157,-7.9886986,place_of_worship
Masjid Al-Ihsan,112.6086652,-7.997555,place_of_worship
Gereja Isa Almasih - Jemaat Klayatan,112.6154084,-8.0023943,place_of_worship
Masjid Baiturrachim,112.6107308,-8.0068472,place_of_worship
Gereja Katolik Santo Yohanes Pemandi,112.6244455,-8.0071443,place_of_worship
Masjid Ali Mochtar,112.6253796,-8.0081631,place_of_worship
Masjid Al-Farobi,112.620383,-8.0068553,place_of_worship
Gereja Kristen Indonesia Bromo Bajem Dinoyo,112.6137561,-7.9472392,place_of_worship
NICC - GBI Diaspora Sejahtera,112.6641417,-7.9360471,place_of_worship
GBI ROCK,112.6023751,-7.9700573,place_of_worship
Gereja Pantekosta di Indonesia Betlehem,112.6555244,-7.933642,place_of_worship
Gereja Batak Karo Protestan Malang,112.6512441,-7.9331495,place_of_worship
ECC Church Malang,112.6357803,-7.974201,place_of_worship
Masjid Nur Inka,112.633938,-7.9749713,place_of_worship
Gereja Bethel Indonesia Betlehem,112.638047,-7.9715419,place_of_worship
Musholla Miftakhul Nur,112.6046494,-7.9812844,place_of_worship
Musholla Waqof Nur Jannah,112.6183524,-7.9762347,place_of_worship
Masjid Baitul Muttaqin,112.6031985,-7.9838921,place_of_worship
Masjid Al Amin,112.6021468,-7.9606583,place_of_worship
Masjid Hidayatul Muttaqin,112.6167895,-7.9875039,place_of_worship
Masjid Al-Mukarromah,112.623682,-7.9843851,place_of_worship
Masjid Ar-Riyaadh,112.6032076,-7.9754013,place_of_worship
Mushalla Al-Muttaqin,112.599653,-7.9576769,place_of_worship
Masjid Shirothol Mustaqim,112.6081788,-7.9858793,place_of_worship
Masjid Tarbiyatul Hidayah,112.6133549,-7.956807,place_of_worship
Gereja Yesus Sejati,112.60965,-7.9649689,place_of_worship
Greja Kristen Jawi Wetan Jemaat Dinoyo,112.6069096,-7.9408053,place_of_worship
Masjid Safinatun Najah,112.6062629,-7.9626791,place_of_worship
Gereja Kristen Injili Nusantara Elkana,112.6167714,-7.9771482,place_of_worship
Musholla Baitul Muslim,112.6040174,-7.972833,place_of_worship
Gereja Reformed Injili Indonesia Malang,112.6264713,-7.9753268,place_of_worship
Masjid Darussalam,112.615575,-7.9724798,place_of_worship
Masjid Baiturrohmah,112.6117488,-7.98204,place_of_worship
Musholla Baitul Fallah,112.6103007,-7.9811296,place_of_worship
Mushola Waqaf Al-Falah,112.6148143,-7.9838259,place_of_worship
Masjid Baitul Jannah,112.6179214,-7.9797783,place_of_worship
Masjid Ar-Raudhah,112.6352624,-8.030222,place_of_worship
Musholla Al-Ridho,112.6396866,-7.9985308,place_of_worship
Langgar Waqaf Nur Islam,112.6172806,-7.9763922,place_of_worship
Masjid Badar,112.6111885,-7.9801334,place_of_worship
Mushola Waqof Narul Muchlisin,112.5980811,-7.9822819,place_of_worship
Masjid Khadijah,112.5811765,-7.9382428,place_of_worship
Masjid Az-Zubaidah,112.5819587,-7.9371605,place_of_worship
Masjid Muslimin,112.6282335,-7.9837663,place_of_worship
Masjid Al-Huda Embong Arab,112.6283289,-7.9860336,place_of_worship
JKI FLTF,112.6261028,-7.999714,place_of_worship
Gereja Kristen Injili Nusantara Peniel,112.6262195,-8.0045282,place_of_worship
Masjid Cahyaninghati,112.617059,-7.9320121,place_of_worship
Mushola Fapet,112.6109053,-7.9521764,place_of_worship
Masjid Jami' Ar-Rahmah,112.6467308,-7.9396611,place_of_worship
Masjid As-Sa'diyah,112.6447953,-7.9632931,place_of_worship
Musholla Al-Ikhlas,112.6469852,-7.9701198,place_of_worship
Masjid Ar-Rahman,112.6497373,-7.9684868,place_of_worship
GBI Ensample,112.5998871,-7.9747596,place_of_worship
Pura Marga Shirsa ꧌ꦥꦸꦫꦩꦂꦒ꧀ꦒꦱꦶꦂꦱ꧀ꦱ꧍,112.6086947,-7.9749519,place_of_worship
Musholla Nurul Hidayah,112.6104771,-7.9493609,place_of_worship
Masjid Rois Dahlan,112.6093445,-7.9487957,place_of_worship
Masjid Shiraathal Jannah,112.6081281,-7.9459089,place_of_worship
Mushola Al-Hidayah,112.5950671,-7.9838958,place_of_worship
Vihara Buddha Maitreya,112.6339943,-7.9911477,place_of_worship
Masjid Keramat Agung,112.6229845,-7.9783156,place_of_worship
Musholla Al Yawmul Majid,112.648642,-7.9366465,place_of_worship
Masjid Dwiga,112.6279701,-7.9297483,place_of_worship
Masjid Darussalam,112.6100828,-7.9833428,place_of_worship
Masjid Qudsie,112.6342892,-7.9850514,place_of_worship
Masjid Al-Kautsar,112.6365464,-7.9867193,place_of_worship
Masjid Al-Falah,112.6236182,-7.9877665,place_of_worship
Musholla Al-Ridho,112.6502395,-7.9880621,place_of_worship
Masjid Al-Mubarok,112.6278247,-7.9610203,place_of_worship
Gereja Masehi Advent Ketujuh Jemaat Cempaka Putih,112.6275901,-7.9576548,place_of_worship
Gereja Kristen Injili Nusantara Filadelfia,112.6248009,-7.9577787,place_of_worship
Gereja Kristen Injili Nusantara Pelita Kasih,112.6455354,-7.9679922,place_of_worship
Masjid Baitul Maghfiroh,112.6542223,-7.9325585,place_of_worship
Masjid SHSS Al-Jufri,112.6528302,-8.0010623,place_of_worship
Masjid At-Taqwa,112.626199,-7.9730831,place_of_worship
Musholla Al-Huda,112.6257148,-7.9725605,place_of_worship
Masjid Baitut Taqwa,112.6195344,-7.9662493,place_of_worship
Masjid At-Taubah,112.6408722,-7.9594845,place_of_worship
Langgar Waqaf Miftahul Huda,112.6419531,-7.9604095,place_of_worship
Gereja Bala Keselamatan,112.6374967,-7.96953,place_of_worship
Masjid Nurul Huda,112.6445661,-7.9677079,place_of_worship
Masjid At-Thoriqg,112.6419137,-7.9680362,place_of_worship
Masjid Al-Hidayah,112.6428948,-7.9552948,place_of_worship
Masjid Jami Al-Mubarokah,112.643454,-8.0061465,place_of_worship
Masjid An-Nur,112.6870737,-7.9836237,place_of_worship
Masjid Al-Arief,112.6244132,-7.9918537,place_of_worship
Musholla Ar-Rohmah,112.6228366,-7.9538035,place_of_worship
Masjid Fatimah Sulfat,112.6519593,-7.9669468,place_of_worship
Masjid Daarul Muttaqiin,112.6771728,-7.975631,place_of_worship
Masjid Baitul Makmur,112.6428098,-8.0131327,place_of_worship
Masjid Al-Amin,112.6012334,-7.9996926,place_of_worship
Masjid Husnul Khotimah,112.6159204,-8.0034325,place_of_worship
Masjid Siti Hajar,112.6026744,-8.0013724,place_of_worship
Masjid Hidayatulloh,112.6136357,-7.9974507,place_of_worship
Masjid Al-Hikmah,112.6244889,-7.9593595,place_of_worship
GPPS Bukit Zion,112.6434005,-7.9664286,place_of_worship
Musolla Noor Hasyim,112.6367608,-7.9873026,place_of_worship
Gereja Kristen Kalam Kudus Malang,112.6248178,-7.9848599,place_of_worship
Musholla Al-Mubarok,112.6391626,-7.9837589,place_of_worship
Masjid Baitusshomad,112.6377059,-7.9869096,place_of_worship
Masjid Al-Mannaan,112.6480232,-7.9844586,place_of_worship
Gereja Oikumene Alap-alap Yonarhanud 2 Kostrad,112.6427166,-7.9807074,place_of_worship
Musholla Al-Mohlisin,112.5918807,-7.985398,place_of_worship
Musholla Sabillilah,112.5934247,-7.9860587,place_of_worship
Masjid Nurul Huda,112.6198381,-8.0152922,place_of_worship
Masjid Al-Rosyid,112.6205012,-8.0155946,place_of_worship
Langgar Waqaf,112.6209729,-8.0189033,place_of_worship
Musolla Amud Al-Arkan,112.6213381,-7.9813412,place_of_worship
Masjid Fathul Huda,112.6214138,-7.9827052,place_of_worship
Masjid Al-Amin,112.6201267,-7.9787702,place_of_worship
Masjid Al-Huda,112.621068,-7.9777129,place_of_worship
Masjid Muhajirin,112.62397,-7.9815919,place_of_worship
Masjid Baitul Makmur,112.6236981,-7.982104,place_of_worship
Mushola Mujahiddin,112.6228081,-7.9808513,place_of_worship
Masjid Syarifussoleh,112.6293412,-8.002959,place_of_worship
Masjid Riyadhus Surur,112.6272879,-8.0315253,place_of_worship
Masjid Al Husain,112.649716,-7.9420541,place_of_worship
mushola al-mutaqin,112.6382302,-7.9595025,place_of_worship
Mushola Al Ikhlas,112.640966,-7.9308101,place_of_worship
Mushola Nurul Jadid,112.641859,-7.9308341,place_of_worship
Masjid GUS FUD,112.6242923,-7.920972,place_of_worship
Galipat-Mbahman-Plaosan,112.6501624,-7.938776,place_of_worship
Galipat-Baitur Rohim - Ketapang,112.6128512,-8.0069049,place_of_worship
Masjid An Nur Jagalan,112.6277126,-7.9873758,place_of_worship
Musholla,112.6297242,-7.9883969,place_of_worship
Pura Luhur Dwijawarsa Buring,112.6610296,-7.9953456,place_of_worship
Masjid Al Muhajirin,112.6314606,-8.0102748,place_of_worship
Masjid Al Ihsan,112.6280489,-8.0169275,place_of_worship
Masjid Babusalam,112.6273266,-7.9418873,place_of_worship
Masjid Abu Dzar Al Ghifari,112.6242421,-7.9415644,place_of_worship
Masjid Riyadhul Jannah,112.6151329,-7.9667103,place_of_worship
Gereja Yesus Hidup Sejati Malang,112.6505216,-7.9487891,place_of_worship
Langgar Al-Ikhlas,112.6352431,-7.997204,place_of_worship
Masjid Hidayatul Choir,112.6010884,-7.9541799,place_of_worship
Musholla Khoirul Hidayah,112.6016067,-7.9533112,place_of_worship
Musholla PAY Salman,112.6017114,-7.9527798,place_of_worship
Musholla Maqomul Ijabah,112.6018402,-7.954877,place_of_worship
Musholla Roudhotul Jannah,112.6001448,-7.9543265,place_of_worship
Musholla Nurul Hidayah,112.6006374,-7.952952,place_of_worship
Musholla Al-Firdaus,112.6000046,-7.952835,place_of_worship
Musholla Baiturrohmah,112.6006741,-7.9521119,place_of_worship
Musholla Huda Tauhid,112.6013592,-7.9551841,place_of_worship
Pura Goa Sukun Wijaya,112.6131789,-7.9936206,place_of_worship
Bethany Yestoya MCP,112.6115865,-7.9735897,place_of_worship
Gereja BEST Malang,112.6127304,-7.9737041,place_of_worship
Capel Sekolah Tinggi Alkitab Nusantara,112.5996438,-7.9797233,place_of_worship
Taman Doa Bunda Maria Segala Suku,112.6051251,-7.95813,place_of_worship
Masjid Nur Muhammad,112.6103846,-7.9796693,place_of_worship
Masjid Darussalam,112.6103677,-7.9786086,place_of_worship
Gereja Pantekosta di Indonesia Zion Altar,112.6009097,-7.9775342,place_of_worship
Gereja Pantekosta Alfa Omega,112.6039976,-7.9934727,place_of_worship
Gereja Sidang Jemaat-Jemaat Allah Trinitas,112.6129272,-7.9870934,place_of_worship
Gereja Isa Almasih,112.6157077,-7.9930721,place_of_worship
Masjid Al Huda,112.6253177,-7.9826015,place_of_worship
Masjid Al Hikmah,112.6061201,-7.9704867,place_of_worship
Musholla Al-Hidayah,112.6074255,-7.9827472,place_of_worship
Masjid Al-Amin,112.6143493,-7.9802032,place_of_worship
Kapel Santa Perawan Maria,112.6290449,-7.9890642,place_of_worship
Kapel Rumah Sakit Panti Nirmala,112.6343499,-7.995059,place_of_worship
Kapel Santa Maria Yustina,112.6418351,-8.01431,place_of_worship
Musholla Al-Ikhlas,112.6026622,-7.9864376,place_of_worship
Mushollah Hijr Ismail,112.61062,-7.9880721,place_of_worship
Betania Fresh Anointing (BFA) Church Greater Malang,112.6339085,-7.9759068,place_of_worship
Pura Wahya Sidhi,112.6307165,-8.0082067,place_of_worship
Masjid TPQ Miftahul Huda,112.611481,-7.946556,place_of_worship
Abbaheart,112.628253,-7.9735083,place_of_worship
Gereja Pantekosta Pusat Surabaya Jemaat Elim,112.6333006,-7.9846477,place_of_worship
Masjid At-Taqwa,112.5829188,-7.9458131,place_of_worship
Masjid Jami' An-Nawawi,112.6124751,-8.0038001,place_of_worship
Masjid Al-Islah,112.6122924,-8.0044674,place_of_worship
Gereja Kemah Injil Indonesia - Jemaat Malang,112.6569199,-7.979973,place_of_worship
Langgar Waqaf Shirotul Jannaf,112.6278815,-7.9741766,place_of_worship
Jemaat Kristian Indonesia - Kerajaan Allah,112.6263714,-7.9676656,place_of_worship
Gereja Bethel Indonesia Kairos,112.6560309,-7.9806464,place_of_worship
Pura Satria Dharma,112.6396142,-7.9810133,place_of_worship
Vihara Buddha Maitreya,112.6382352,-7.936315,place_of_worship
JKI Kemah Pertemuan,112.6300977,-7.9854774,place_of_worship
GBI ROCK Generation Community Church,112.6323049,-7.9860569,place_of_worship
Vihara Mettã Diepa Arãmã,112.6266596,-7.9818933,place_of_worship
Vihara Vajra Avalokitevara,112.6323995,-7.9873066,place_of_worship
Pura Dharma Jati,112.6423511,-7.9873745,place_of_worship
Cetiya Kasih Abadi,112.6359326,-7.9794128,place_of_worship
Cetiya Dhamma Bhava,112.6311241,-8.0099821,place_of_worship
Gereja Kristen Injili Nusantara Maranatha,112.6211974,-7.9815619,place_of_worship
Universitas Gajayana,112.6025446,-7.9400948,university
Politeknik Negeri Malang,112.6154776,-7.9455671,college
Universitas Negeri Malang,112.6175645,-7.9615051,university
Institut Teknologi Nasional Malang (Kampus I),112.6123805,-7.9581405,college
FIA D,112.6136872,-7.9496246,university
Fakultas Peternakan 4,112.6110107,-7.9523912,university
Fakultas Ekonomi UIN Maulana Malik Ibrahim Malang,112.6070352,-7.951488,university
STT Stikma Internasional,112.6401928,-7.9633081,college
Pasca Sarjana UNISMA,112.6071228,-7.9357347,university
FIA C,112.6138499,-7.9497657,university
Universitas Katolik Widya Karya,112.6177574,-7.9684257,university
Seminari Alkitab Asia Tenggara,112.5968865,-7.9564806,college
Universitas Kanjuruhan Malang,112.6201313,-8.0068858,university
Sekolah Tinggi Bahasa Asing Malang,112.66886,-7.9719974,college
Politeknik Kesehatan Kemenkes Malang,112.6227162,-7.9653563,college
Universitas Muhammadiyah Malang,112.5978592,-7.9209513,university
Pondok Pesantren Mahasiswa Al-Kautsar,112.6140623,-7.9669335,university
Fakultas Teknik Universitas Merdeka Malang,112.6088762,-7.9725105,university
Universitas Negeri Malang Kampus II,112.6685352,-7.979189,university
STIKES Soepraoen,112.6211914,-7.9907349,university
Sekolah Tinggi Alkitab Nusantara,112.60007,-7.9796593,university
Seminari Tinggi Kongregasi Misi Santo Vinsensius,112.6147839,-7.9808204,college
Kampus 3 Institut Teknologi Sains dan Kesehatan (ITSK) dr.Soepraoen,112.6329398,-7.9788791,university
Politeknik Pembangunan Pertanian Malang,112.6176162,-7.982453,college
Sekolah Tinggi Teologi Yestoya,112.5972073,-7.9554192,college
STIE Malangkuçeçwara,112.6368679,-7.9420057,college
Sekolah Tinggi Filsafat Teologi Widya Sasana,112.6080636,-7.9679787,college
Seminari Tinggi SVD Surya Wacana,112.607005,-7.967683,college
Universitas Muhammadiyah Malang Kampus 2,112.6141451,-7.957458,university
Sekolah Tinggi Teologi Salem,112.6037698,-7.9637873,college
Universitas Islam Malang,112.6071667,-7.9364468,university
Seminari Tinggi Interdiosesan San Giovanni XXIII Malang,112.6051068,-7.9580102,college
Akademi Keperawatan Panti Waluya,112.62543,-7.9852498,college
Universitas Widya Gama Malang,112.6359171,-7.9396599,university
Institut Teknologi Nasional Malang - Kampus 2,112.6346559,-7.9172003,university
Stikes Maharani,112.6136859,-7.9344504,college
Sekolah Tinggi Ilmu Administrasi Malang,112.6035354,-7.9319966,college
Universitas Tribhuwana Tunggadewi,112.6002783,-7.9326328,university
Universitas Tribhuwana Tunggadewi - Science Techno Park,112.5984108,-7.9307617,university
Politeknik Kesehatan Wira Husada Nusantara,112.6012635,-7.9341755,college
STIE Indoçakti,112.6489376,-7.9374781,college
Sekolah Tinggi Pastoral,112.632345,-7.9542171,college
IKIP Budi Utomo Malang Kampus C,112.641542,-7.9564017,college
Universitas Terbuka Malang,112.6419645,-8.0280115,university
Universitas Wisnuwardhana,112.6697865,-7.9707824,university
Institut Teknologi dan Bisnis Asia,112.6266051,-7.9379561,college
Aditya Wacana,112.6071107,-7.9687104,college
Seminari Tinggi CM,112.6031644,-7.9599408,college
Politeknik Kota Malang,112.6488812,-8.0338325,college
TK ABA 5 MALANG,112.6226536,-7.9786441,college
Gerbang Masuk UNIGA,112.6028794,-7.9404463,university
Sekolah Tinggi Pastoral IPI Malang,112.6123243,-7.9722432,university
Balewiyata Majelis Agung GKJW,112.6208017,-7.9875986,university
IKIP Budi Utomo,112.6265645,-7.9777259,university
Poltekkes Putra Indonesia Malang,112.6400463,-7.9602259,college
STIE Jaya Negara Taman Siswa,112.6414018,-7.9615331,college
STIE Kertanegara,112.6309123,-7.9455791,college
STIP Malang,112.6311104,-7.9458899,college
